Домен,Упал,Постов,Страниц,Вложений,Первая,Последняя,Файл
2semechki.ru,да,30,2,31,2024-07-23,2025-05-17,WordPress.2026-02-04 (39).xml
avtogear62.ru,да,30,2,32,2024-08-10,2025-04-10,WordPress.2026-02-04 (42).xml
drunk-fish.ru,да,29,2,29,2024-07-13,2025-03-15,WordPress.2026-02-04 (34).xml
elintel.ru,да,30,2,32,2024-08-02,2025-04-15,WordPress.2026-02-04 (44).xml
kakudobrit.ru,да,24,2,26,2024-07-23,2025-09-15,WordPress.2026-02-04 (36).xml
kgdink.ru,да,24,2,25,2024-07-07,2025-05-12,WordPress.2026-02-04 (24).xml
ledpnz.ru,да,24,2,26,2024-07-24,2025-04-13,WordPress.2026-02-04 (40).xml
mai-hoshi.ru,да,30,2,32,2024-07-13,2025-03-09,WordPress.2026-02-04 (33).xml
omegabay.ru,да,24,2,25,2024-07-11,2025-10-26,WordPress.2026-02-04 (30).xml
prforce.ru,да,36,2,37,2024-07-08,2025-02-12,WordPress.2026-02-04 (22).xml
pro-covers.ru,да,24,2,26,2024-08-12,2024-11-07,WordPress.2026-02-04 (45).xml
promplo.ru,да,30,2,31,2024-07-29,2025-10-18,WordPress.2026-02-04 (41).xml
property-in-alanya.ru,да,24,2,26,2024-07-12,2025-06-16,WordPress.2026-02-04 (29).xml
speciallabel.ru,да,30,2,33,2024-07-12,2025-04-21,WordPress.2026-02-04 (32).xml
techfile.ru,да,30,2,31,2024-07-08,2025-02-13,WordPress.2026-02-04 (23).xml
top-audit.ru,да,30,2,32,2024-07-09,2025-10-26,WordPress.2026-02-04 (31).xml
unit-org.ru,да,36,2,37,2024-07-11,2025-02-14,WordPress.2026-02-04 (35).xml
yellodigital.ru,да,30,2,32,2024-08-06,2025-01-01,WordPress.2026-02-04 (43).xml
доступныйсервис.рф,да,30,2,32,2024-07-23,2025-10-17,WordPress.2026-02-04 (38).xml
стандарт72.рф,да,24,2,25,2024-07-23,2025-04-11,WordPress.2026-02-04 (37).xml
antigravityrussia.ru,,42,2,43,2024-02-14,2025-05-13,WordPress.2026-02-04 (16).xml
arshta.org,,37,2,38,2024-01-24,2025-08-25,WordPress.2026-02-04 (3).xml
ballare-mag.com,,42,2,43,2024-02-07,2025-01-06,WordPress.2026-02-04 (11).xml
bcuran.ru,,25,2,25,2024-06-16,2025-02-14,WordPress.2026-02-04 (27).xml
beauty-invest.ru,,42,2,43,2024-02-14,2025-05-19,WordPress.2026-02-04 (17).xml
centr-audita.ru,,36,2,38,2024-06-15,2025-03-11,WordPress.2026-02-04 (21).xml
colorit-dv.ru,,30,2,32,2024-06-14,2025-07-31,WordPress.2026-02-04 (14).xml
cover-grouping.ru,,38,2,40,2024-01-24,2025-08-19,WordPress.2026-02-04.xml
dubrovinaphoto.com,,31,2,32,2024-06-14,2025-09-10,WordPress.2026-02-04 (19).xml
edhall.ru,,42,2,44,2024-02-15,2025-07-25,WordPress.2026-02-04 (15).xml
fermatastyle.ru,,42,2,43,2024-02-06,2025-07-20,360.WordPress.2026-02-04.xml
iscar-east.ru,,30,2,31,2024-06-18,2025-09-09,WordPress.2026-02-04 (20).xml
liveandcreate.ru,,42,2,44,2024-02-07,2025-05-11,WordPress.2026-02-04 (12).xml
lyadeputti.ru,,24,2,26,2024-06-15,2025-09-22,WordPress.2026-02-04 (28).xml
m-e-d-a-l.ru,,38,2,39,2024-01-24,2025-08-22,WordPress.2026-02-04 (1).xml
mybabyfoot.ru,,48,2,50,2024-02-06,2025-07-16,WordPress.2026-02-04 (10).xml
oybox.by,,36,2,37,2024-01-25,2025-06-13,WordPress.2026-02-04 (4).xml
photo-test.ru,,48,2,56,2024-01-25,2025-02-12,WordPress.2026-02-04 (7).xml
photoset-msk.ru,,42,2,44,2024-01-25,2025-07-15,WordPress.2026-02-04 (6).xml
pravo-or.org,,48,2,50,2024-02-06,2025-03-08,WordPress.2026-02-04 (9).xml
pre100l.ru,,37,2,37,2024-06-16,2025-10-19,WordPress.2026-02-04 (26).xml
rt-covid19.ru,,46,2,48,2024-01-24,2025-08-20,-.WordPress.2026-02-04.xml
sibertek.ru,,43,2,44,2024-01-25,2025-08-23,WordPress.2026-02-04 (2).xml
solbrasil.ru,,24,2,25,2024-06-18,2025-06-12,WordPress.2026-02-04 (18).xml
solkmsb.ru,,36,2,37,2024-06-24,2025-09-11,WordPress.2026-02-04 (25).xml
studio-santech.ru,,42,2,43,2024-01-29,2025-06-17,WordPress.2026-02-04 (8).xml
ulcus.ru,,42,2,44,2024-02-07,2025-06-20,WordPress.2026-02-04 (13).xml
vsenamag.ru,,37,2,38,2024-01-24,2025-03-09,WordPress.2026-02-04 (5).xml
yarfido.ru,,36,2,38,2024-06-19,2025-01-03,fidonetworld.WordPress.2026-02-04.xml
