Сайт;Рубрика;Тема статьи;Анкор;Ссылка;Тип
1;Профессии и обучение в Красноярске;Рабочие профессии Красноярска: какие специальности можно освоить с нуля;;;
1;Профессии и обучение в Красноярске;Кто такой лаборант химического анализа и чем он занимается;химический анализ;https://ru.wikipedia.org/wiki/Химический_анализ;траст
1;Профессии и обучение в Красноярске;Лаборант химического анализа: как пройти обучение и начать карьеру;лаборант химического анализа обучение;https://aso-cdo.ru/krasnoyarsk/rabochie-professii/laborant-himicheskogo-analiza/;анкор клиента
1;Профессии и обучение в Красноярске;Где работают лаборанты химического анализа: отрасли и предприятия Красноярского края;;;
1;Профессии и обучение в Красноярске;Зарплаты рабочих специальностей в Красноярске: обзор рынка труда;Росстат;https://rosstat.gov.ru/;траст
1;Профессии и обучение в Красноярске;Как выбрать учебный центр для получения рабочей профессии;;;
2;Карьера и переобучение;Зачем менять профессию: когда переобучение действительно оправдано;;;
2;Карьера и переобучение;Профессиональная переподготовка в Красноярске: как это работает;профессиональная переподготовка;https://aso-cdo.ru/krasnoyarsk/professionalnaya-perepodgotovka/;анкор клиента
2;Карьера и переобучение;Чем переподготовка отличается от повышения квалификации;Закон об образовании;https://www.consultant.ru/document/cons_doc_LAW_140174/;траст
2;Карьера и переобучение;ТОП востребованных направлений переобучения в Красноярском крае;;;
2;Карьера и переобучение;Как проверить лицензию учебного центра перед оплатой;Рособрнадзор;https://obrnadzor.gov.ru/;траст
2;Карьера и переобучение;Как совмещать работу и учёбу: советы для занятых;;;
3;Лаборатория и анализ;Что делает химическая лаборатория на современном производстве;;;
3;Лаборатория и анализ;Современное оборудование химических лабораторий;;;
3;Лаборатория и анализ;Профессия лаборант: обязанности и требования;лаборант;https://ru.wikipedia.org/wiki/Лаборант;траст
3;Лаборатория и анализ;Обучение на лаборанта химического анализа в Красноярске;лаборант химического анализа обучение красноярск;https://aso-cdo.ru/krasnoyarsk/rabochie-professii/laborant-himicheskogo-analiza/;анкор клиента
3;Лаборатория и анализ;Профессиональные стандарты для работников лабораторий;профстандарты;https://profstandart.rosmintrud.ru/;траст
3;Лаборатория и анализ;Карьерный путь лаборанта: от стажёра до руководителя;;;
4;Охрана труда и безопасность;Зачем предприятию специалист по охране труда;;;
4;Охрана труда и безопасность;Основные требования охраны труда на производстве;охрана труда;https://ru.wikipedia.org/wiki/Охрана_труда;траст
4;Охрана труда и безопасность;Обучение по охране труда в Красноярске: программы и форматы;обучение по охране труда красноярск;https://aso-cdo.ru/krasnoyarsk/obuchenie-po-ohrane-truda/;анкор клиента
4;Охрана труда и безопасность;Как проходит проверка по охране труда на предприятии;;;
4;Охрана труда и безопасность;Обязанности работодателя по охране труда;Минтруд;https://mintrud.gov.ru/;траст
4;Охрана труда и безопасность;Типичные нарушения охраны труда и как их избежать;;;
5;Сварочное дело;Профессия сварщика: почему она остаётся востребованной;;;
5;Сварочное дело;Электрогазосварщик: обучение в Красноярске с нуля;электрогазосварщик обучение красноярск;https://aso-cdo.ru/krasnoyarsk/rabochie-professii/elektrogazosvarshhik/;анкор клиента
5;Сварочное дело;Виды сварки и их применение;сварка;https://ru.wikipedia.org/wiki/Сварка;траст
5;Сварочное дело;Разряды сварщиков: что они означают и как повышаются;;;
5;Сварочное дело;Требования промышленной безопасности при сварочных работах;Ростехнадзор;https://www.gosnadzor.ru/;траст
5;Сварочное дело;Сколько зарабатывает сварщик в Красноярске;;;
6;Дезинфекция и санитария;Кто такой дезинфектор и где он работает;;;
6;Дезинфекция и санитария;Чем занимается служба дезинфекции;;;
6;Дезинфекция и санитария;Что такое дезинфекция, дезинсекция и дератизация;дезинфекция;https://ru.wikipedia.org/wiki/Дезинфекция;траст
6;Дезинфекция и санитария;Обучение на дезинфектора дистанционно: как пройти курс;обучение на дезинфектора дистанционно;https://aso-cdo.ru/krasnoyarsk/rabochie-professii/mediczinskij-dezinfektor/;анкор клиента
6;Дезинфекция и санитария;Санитарные требования к дезинфекционным работам;Роспотребнадзор;https://www.rospotrebnadzor.ru/;траст
6;Дезинфекция и санитария;Средства и методы современной дезинфекции;;;
7;Рабочие специальности;Почему рабочие профессии снова в тренде;;;
7;Рабочие специальности;Рынок труда рабочих специальностей в России;Росстат;https://rosstat.gov.ru/;траст
7;Рабочие специальности;Обучение рабочим профессиям: с чего начать;обучение рабочим профессиям;https://aso-cdo.ru/krasnoyarsk/rabochie-professii/;анкор клиента
7;Рабочие специальности;ТОП рабочих профессий для быстрого старта карьеры;;;
7;Рабочие специальности;Где искать вакансии по рабочим специальностям;Работа России;https://trudvsem.ru/;траст
7;Рабочие специальности;Рабочая профессия или офис: где выше доход;;;
8;Складская техника и логистика;Водитель погрузчика: чем занимается и где востребован;;;
8;Складская техника и логистика;Обучение на водителя погрузчика: что входит в программу курса;обучение на водителя погрузчика;https://aso-cdo.ru/krasnoyarsk/rabochie-professii/voditel-pogruzchika/;анкор клиента
8;Складская техника и логистика;Виды погрузчиков и их назначение;погрузчик;https://ru.wikipedia.org/wiki/Погрузчик;траст
8;Складская техника и логистика;Как получить удостоверение водителя погрузчика;;;
8;Складская техника и логистика;Требования безопасности при работе на погрузчике;Ростехнадзор;https://www.gosnadzor.ru/;траст
8;Складская техника и логистика;Сколько зарабатывает водитель погрузчика;;;
9;Безопасность на предприятии;Система управления охраной труда: как она устроена;;;
9;Безопасность на предприятии;Инструктажи по охране труда: виды и периодичность;;;
9;Безопасность на предприятии;Расследование несчастных случаев на производстве;охрана труда;https://ru.wikipedia.org/wiki/Охрана_труда;траст
9;Безопасность на предприятии;Где пройти обучение по охране труда в Красноярске;обучение по охране труда красноярск;https://aso-cdo.ru/krasnoyarsk/obuchenie-po-ohrane-truda/;анкор клиента
9;Безопасность на предприятии;Государственный надзор за охраной труда;Минтруд;https://mintrud.gov.ru/;траст
9;Безопасность на предприятии;Средства индивидуальной защиты: что нужно знать работнику;;;
10;Оценка и недвижимость;Профессия оценщик: чем он занимается и сколько зарабатывает;;;
10;Оценка и недвижимость;Как устроена оценка стоимости недвижимости;оценка недвижимости;https://ru.wikipedia.org/wiki/Оценка_недвижимости;траст
10;Оценка и недвижимость;Оценщик недвижимости: обучение и старт в профессии;оценщик недвижимости обучение;https://aso-cdo.ru/krasnoyarsk/professionalnaya-perepodgotovka/ocenochnaya-deyatelnost-pp/oczenka-nedvizhimosti/;анкор клиента
10;Оценка и недвижимость;Когда нужна независимая оценка недвижимости;;;
10;Оценка и недвижимость;Рынок недвижимости России в цифрах;Росстат;https://rosstat.gov.ru/;траст
10;Оценка и недвижимость;Как стать частнопрактикующим оценщиком;;;
11;Работа на складе в Москве;Складские профессии Москвы: спрос и зарплаты;;;
11;Работа на складе в Москве;Где отучиться на погрузчик в Москве;отучиться на погрузчик в москве;https://aso-cdo.ru/moskva/rabochie-professii/voditel-pogruzchika/;анкор клиента
11;Работа на складе в Москве;Что такое вилочный погрузчик и как он устроен;погрузчик;https://ru.wikipedia.org/wiki/Погрузчик;траст
11;Работа на складе в Москве;Как устроиться водителем погрузчика без опыта;;;
11;Работа на складе в Москве;Поиск вакансий водителя погрузчика в Москве;HeadHunter;https://hh.ru/;траст
11;Работа на складе в Москве;Карьера на складе: от грузчика до начальника смены;;;
12;Дистанционное обучение профессиям;Можно ли освоить рабочую профессию дистанционно;;;
12;Дистанционное обучение профессиям;Как выбрать онлайн-курс рабочей специальности;профстандарты;https://profstandart.rosmintrud.ru/;траст
12;Дистанционное обучение профессиям;Дистанционное обучение на водителя погрузчика;дистанционное обучение водитель погрузчика;https://aso-cdo.ru/moskva/rabochie-professii/voditel-pogruzchika/;анкор клиента
12;Дистанционное обучение профессиям;Как проходит практика при дистанционном обучении;;;
12;Дистанционное обучение профессиям;Документы об обучении: что должно выдать учебное заведение;Рособрнадзор;https://obrnadzor.gov.ru/;траст
12;Дистанционное обучение профессиям;Плюсы и минусы дистанционного формата обучения;;;
13;Профессия водитель погрузчика;Один день из жизни водителя погрузчика;;;
13;Профессия водитель погрузчика;Какие бывают погрузчики: электрические и дизельные;;;
13;Профессия водитель погрузчика;Устройство и принцип работы погрузчика;погрузчик;https://ru.wikipedia.org/wiki/Погрузчик;траст
13;Профессия водитель погрузчика;Обучение на водителя погрузчика в Москве: цены и сроки;обучение на водителя погрузчика в москве;https://aso-cdo.ru/moskva/rabochie-professii/voditel-pogruzchika/;анкор клиента
13;Профессия водитель погрузчика;Правила безопасной эксплуатации погрузчиков;Ростехнадзор;https://www.gosnadzor.ru/;траст
13;Профессия водитель погрузчика;Что проверяют на экзамене у будущего водителя погрузчика;;;
14;Обучение и переквалификация;Когда стоит сменить профессию на рабочую;;;
14;Обучение и переквалификация;Дистанционное обучение на погрузчик: как это работает;дистанционное обучение на погрузчик;https://aso-cdo.ru/moskva/rabochie-professii/voditel-pogruzchika/;анкор клиента
14;Обучение и переквалификация;Профессиональное обучение в России: формы и сроки;Закон об образовании;https://www.consultant.ru/document/cons_doc_LAW_140174/;траст
14;Обучение и переквалификация;Сколько длится обучение на водителя погрузчика;;;
14;Обучение и переквалификация;Зарплаты рабочих профессий по регионам России;Росстат;https://rosstat.gov.ru/;траст
14;Обучение и переквалификация;Как совмещать обучение с основной работой;;;
15;Курсы рабочих профессий;Как выбрать курсы рабочей профессии и не ошибиться;;;
15;Курсы рабочих профессий;На что обратить внимание при выборе учебного центра;Рособрнадзор;https://obrnadzor.gov.ru/;траст
15;Курсы рабочих профессий;Курсы водителя погрузчика в Москве: обзор программ;курсы водителя погрузчика в москве;https://aso-cdo.ru/moskva/rabochie-professii/voditel-pogruzchika/;анкор клиента
15;Курсы рабочих профессий;Что входит в программу курса водителя погрузчика;;;
15;Курсы рабочих профессий;Категории и удостоверения для управления спецтехникой;Ростехнадзор;https://www.gosnadzor.ru/;траст
15;Курсы рабочих профессий;Трудоустройство после курсов: насколько это реально;;;
16;Цены на обучение профессиям;Сколько стоит освоить рабочую профессию в Москве;;;
16;Цены на обучение профессиям;От чего зависит цена обучения на спецтехнику;;;
16;Цены на обучение профессиям;Как не переплатить за курсы: практические советы;HeadHunter;https://hh.ru/;траст
16;Цены на обучение профессиям;Обучение на водителя погрузчика в Москве: из чего складывается цена;обучение на водителя погрузчика в москве цена;https://aso-cdo.ru/moskva/rabochie-professii/voditel-pogruzchika/;анкор клиента
16;Цены на обучение профессиям;Налоговый вычет за обучение: как вернуть часть денег;КонсультантПлюс;https://www.consultant.ru/;траст
16;Цены на обучение профессиям;Окупаются ли вложения в обучение на водителя погрузчика;;;
17;Спецтехника и её операторы;Кто управляет складской спецтехникой;;;
17;Спецтехника и её операторы;Обучение на погрузчик в Москве: из чего складывается цена;обучение на погрузчик в москве цена;https://aso-cdo.ru/moskva/rabochie-professii/voditel-pogruzchika/;анкор клиента
17;Спецтехника и её операторы;Виды складской и подъёмной техники;погрузчик;https://ru.wikipedia.org/wiki/Погрузчик;траст
17;Спецтехника и её операторы;Как выбрать формат обучения: очно или онлайн;;;
17;Спецтехника и её операторы;Профессиональные стандарты операторов спецтехники;профстандарты;https://profstandart.rosmintrud.ru/;траст
17;Спецтехника и её операторы;Что нужно знать новичку перед обучением;;;
18;Старт в рабочей профессии;Рабочие профессии без опыта: с чего начать;;;
18;Старт в рабочей профессии;Где искать первую работу по рабочей специальности;Работа России;https://trudvsem.ru/;траст
18;Старт в рабочей профессии;Учиться на водителя погрузчика в Москве: пошаговый путь;учиться на водителя погрузчика в москве;https://aso-cdo.ru/moskva/rabochie-professii/voditel-pogruzchika/;анкор клиента
18;Старт в рабочей профессии;Какие навыки нужны водителю погрузчика;;;
18;Старт в рабочей профессии;Безопасность труда операторов погрузчиков;охрана труда;https://ru.wikipedia.org/wiki/Охрана_труда;траст
18;Старт в рабочей профессии;Перспективы карьерного роста на складе;;;
19;Логистика и склад;Как работает современный складской комплекс;;;
19;Логистика и склад;Профессии складской логистики;;;
19;Логистика и склад;Что такое складская логистика;логистика;https://ru.wikipedia.org/wiki/Логистика;траст
19;Логистика и склад;Обучение водителей погрузчиков: полезный ресурс;https://aso-cdo.ru/moskva/rabochie-professii/voditel-pogruzchika/;https://aso-cdo.ru/moskva/rabochie-professii/voditel-pogruzchika/;анкор клиента
19;Логистика и склад;Рынок труда в логистике Москвы;HeadHunter;https://hh.ru/;траст
19;Логистика и склад;Автоматизация склада: вытеснит ли техника людей;;;
20;Образование в Тюмени;Где получить новую профессию в Тюмени;;;
20;Образование в Тюмени;Профпереподготовка в Тюмени: куда пойти учиться;профпереподготовка в Тюмени;https://aso-cdo.ru/tyumen/professionalnaya-perepodgotovka/;анкор клиента
20;Образование в Тюмени;Что такое профессиональная переподготовка;профессиональная переподготовка;https://ru.wikipedia.org/wiki/Профессиональная_переподготовка;траст
20;Образование в Тюмени;Сколько длится переподготовка и от чего это зависит;;;
20;Образование в Тюмени;Дополнительное профессиональное образование в законе;Закон об образовании;https://www.consultant.ru/document/cons_doc_LAW_140174/;траст
20;Образование в Тюмени;Как выбрать программу переподготовки в Тюмени;;;
21;Смена профессии;Когда пора менять профессию: главные признаки;;;
21;Смена профессии;Рынок труда и востребованные профессии в России;Росстат;https://rosstat.gov.ru/;траст
21;Смена профессии;Профессиональная переподготовка: как сменить сферу деятельности;профессиональная переподготовка;https://aso-cdo.ru/tyumen/professionalnaya-perepodgotovka/;анкор клиента
21;Смена профессии;Мифы о переобучении взрослых;;;
21;Смена профессии;Как проверить документ о переподготовке;Рособрнадзор;https://obrnadzor.gov.ru/;траст
21;Смена профессии;Истории успешной смены профессии;;;
22;Карьера и развитие;Как расти в карьере после 30 лет;;;
22;Карьера и развитие;Профессии будущего: к чему готовиться уже сейчас;;;
22;Карьера и развитие;Непрерывное образование: зачем учиться всю жизнь;профессиональная переподготовка;https://ru.wikipedia.org/wiki/Профессиональная_переподготовка;траст
22;Карьера и развитие;Профессиональная переподготовка в Тюмени: программы и центры;профессиональная переподготовка в Тюмени;https://aso-cdo.ru/tyumen/professionalnaya-perepodgotovka/;анкор клиента
22;Карьера и развитие;Государственная поддержка переобучения граждан;Работа России;https://trudvsem.ru/;траст
22;Карьера и развитие;Как поставить цель и выбрать новое направление;;;
23;Дополнительное образование;Второе высшее или переподготовка: что выбрать;;;
23;Дополнительное образование;Переподготовка на базе высшего образования в Тюмени;переподготовка на базе высшего образования в Тюмени;https://aso-cdo.ru/tyumen/professionalnaya-perepodgotovka/;анкор клиента
23;Дополнительное образование;Уровни профессионального образования в России;Закон об образовании;https://www.consultant.ru/document/cons_doc_LAW_140174/;траст
23;Дополнительное образование;Кому подходит переподготовка на базе диплома вуза;;;
23;Дополнительное образование;Как государство контролирует качество образования;Рособрнадзор;https://obrnadzor.gov.ru/;траст
23;Дополнительное образование;Как переподготовка помогает в карьере;;;
24;Переобучение взрослых;Почему взрослому человеку полезно переобучаться;;;
24;Переобучение взрослых;Образование для взрослых: мировой опыт;профессиональная переподготовка;https://ru.wikipedia.org/wiki/Профессиональная_переподготовка;траст
24;Переобучение взрослых;Переподготовка: как получить новую профессию быстро;переподготовка;https://aso-cdo.ru/tyumen/professionalnaya-perepodgotovka/;анкор клиента
24;Переобучение взрослых;Сколько времени нужно на освоение новой профессии;;;
24;Переобучение взрослых;Где найти работу после переобучения;HeadHunter;https://hh.ru/;траст
24;Переобучение взрослых;Как не бросить учёбу на полпути;;;
25;Курсы и программы;Чем курсы переподготовки отличаются от вузовских программ;;;
25;Курсы и программы;Как устроены программы дополнительного образования;;;
25;Курсы и программы;Документ о квалификации: что он даёт выпускнику;Рособрнадзор;https://obrnadzor.gov.ru/;траст
25;Курсы и программы;Курсы профессиональной переподготовки: как выбрать;курсы профессиональной переподготовки;https://aso-cdo.ru/tyumen/professionalnaya-perepodgotovka/;анкор клиента
25;Курсы и программы;Востребованные направления переобучения;Росстат;https://rosstat.gov.ru/;траст
25;Курсы и программы;Дистанционные курсы переподготовки: за и против;;;
26;Профессиональные курсы;Как выбрать профессиональные курсы и не потратить деньги зря;;;
26;Профессиональные курсы;Курсы переподготовки: с чего начать обучение;курсы переподготовки;https://aso-cdo.ru/tyumen/professionalnaya-perepodgotovka/;анкор клиента
26;Профессиональные курсы;Дополнительное профессиональное образование простыми словами;профессиональная переподготовка;https://ru.wikipedia.org/wiki/Профессиональная_переподготовка;траст
26;Профессиональные курсы;Сколько стоят курсы переподготовки;;;
26;Профессиональные курсы;Как проверить учебный центр перед оплатой;Рособрнадзор;https://obrnadzor.gov.ru/;траст
26;Профессиональные курсы;Что делать после завершения курсов;;;
27;Учёба в Тюмени;Возможности дополнительного образования в Тюмени;;;
27;Учёба в Тюмени;Рынок труда Тюменской области: обзор;Росстат;https://rosstat.gov.ru/;траст
27;Учёба в Тюмени;Курсы переподготовки в Тюмени: обзор вариантов;курсы переподготовки в Тюмени;https://aso-cdo.ru/tyumen/professionalnaya-perepodgotovka/;анкор клиента
27;Учёба в Тюмени;Какие профессии можно освоить в Тюмени за пару месяцев;;;
27;Учёба в Тюмени;Где искать работу в Тюмени после учёбы;Работа России;https://trudvsem.ru/;траст
27;Учёба в Тюмени;Как совместить курсы с основной работой;;;
28;Новая профессия;Как понять, какая профессия вам подойдёт;;;
28;Новая профессия;Профориентация для взрослых: с чего начать;;;
28;Новая профессия;Что такое профпереподготовка простыми словами;профессиональная переподготовка;https://ru.wikipedia.org/wiki/Профессиональная_переподготовка;траст
28;Новая профессия;Проф переподготовка: короткий путь к новой профессии;проф переподготовка;https://aso-cdo.ru/tyumen/professionalnaya-perepodgotovka/;анкор клиента
28;Новая профессия;Поддержка занятости и переобучение населения;Работа России;https://trudvsem.ru/;траст
28;Новая профессия;Сколько зарабатывают после смены профессии;;;
29;Профессия и обучение;Образование как инвестиция в карьеру;;;
29;Профессия и обучение;Профессиональная переподготовка: ответы на главные вопросы;профессиональная переподготовка;https://aso-cdo.ru/tyumen/professionalnaya-perepodgotovka/;анкор клиента
29;Профессия и обучение;Как государство регулирует дополнительное образование;Закон об образовании;https://www.consultant.ru/document/cons_doc_LAW_140174/;траст
29;Профессия и обучение;Как выбрать направление переподготовки по душе;;;
29;Профессия и обучение;Какие профессии сегодня нужны рынку труда;Росстат;https://rosstat.gov.ru/;траст
29;Профессия и обучение;Переподготовка: реальные сроки и результаты;;;
