Сайт;Рубрика;Тема статьи;Анкор;Ссылка;Тип
1;Event-фото в Москве;Event-фото в Москве: что изменилось в 2026 году;;;
1;Event-фото в Москве;Event-фото в Москве: оборудование, софт и расходники;фотография;https://ru.wikipedia.org/wiki/Фотография;траст
1;Event-фото в Москве;Фотобудка аренда Москва: как выбрать подрядчика и не переплатить;фотобудка аренда Москва;https://divent.ru/uslugi/arenda-fotobudki/;анкор клиента
1;Event-фото в Москве;Event-фото в Москве: разбор реальных кейсов;;;
1;Event-фото в Москве;Event-фото в Москве: площадка, электрика и безопасность;фотокабина;https://ru.wikipedia.org/wiki/Фотокабина;траст
1;Event-фото в Москве;Event-фото в Москве: частые ошибки заказчиков;;;
5;Фотобудки с нейросетями;Фотобудки с нейросетями: что изменилось в 2026 году;;;
5;Фотобудки с нейросетями;Фотобудки с нейросетями: оборудование, софт и расходники;искусственная нейронная сеть;https://ru.wikipedia.org/wiki/Искусственная_нейронная_сеть;траст
5;Фотобудки с нейросетями;Фотобудка с нейросетью в Москве: как выбрать подрядчика и не переплатить;фотобудка с нейросетью в Москве;https://divent.ru/uslugi/ii-fotobudka/;анкор клиента
5;Фотобудки с нейросетями;Фотобудки с нейросетями: разбор реальных кейсов;;;
5;Фотобудки с нейросетями;Фотобудки с нейросетями: площадка, электрика и безопасность;фотокабина;https://ru.wikipedia.org/wiki/Фотокабина;траст
5;Фотобудки с нейросетями;Фотобудки с нейросетями: частые ошибки заказчиков;;;
2;Искусственный интеллект в event-фотографии;Искусственный интеллект в event-фотографии: что изменилось в 2026 году;;;
2;Искусственный интеллект в event-фотографии;Искусственный интеллект в event-фотографии: оборудование, софт и расходники;фотокабина;https://ru.wikipedia.org/wiki/Фотокабина;траст
2;Искусственный интеллект в event-фотографии;Фотобудка с ИИ в Москве: как выбрать подрядчика и не переплатить;фотобудка с ИИ в Москве;https://divent.ru/uslugi/ii-fotobudka/;анкор клиента
2;Искусственный интеллект в event-фотографии;Искусственный интеллект в event-фотографии: разбор реальных кейсов;;;
2;Искусственный интеллект в event-фотографии;Искусственный интеллект в event-фотографии: площадка, электрика и безопасность;генеративный искусственный интеллект;https://ru.wikipedia.org/wiki/Генеративный_искусственный_интеллект;траст
2;Искусственный интеллект в event-фотографии;Искусственный интеллект в event-фотографии: частые ошибки заказчиков;;;
4;Неоновые фотозоны и LED-room;Неоновые фотозоны и LED-room: что изменилось в 2026 году;;;
4;Неоновые фотозоны и LED-room;Неоновые фотозоны и LED-room: оборудование, софт и расходники;неоновая лампа;https://ru.wikipedia.org/wiki/Неоновая_лампа;траст
4;Неоновые фотозоны и LED-room;Неоновый тоннель фотозона: как выбрать подрядчика и не переплатить;неоновый тоннель фотозона;https://divent.ru/uslugi/neonovaya-fotozona-led-room/;анкор клиента
4;Неоновые фотозоны и LED-room;Неоновые фотозоны и LED-room: разбор реальных кейсов;;;
4;Неоновые фотозоны и LED-room;Неоновые фотозоны и LED-room: площадка, электрика и безопасность;светодиодный экран;https://ru.wikipedia.org/wiki/Светодиодный_экран;траст
4;Неоновые фотозоны и LED-room;Неоновые фотозоны и LED-room: частые ошибки заказчиков;;;
3;Светодиодные фотозоны;Светодиодные фотозоны: что изменилось в 2026 году;;;
3;Светодиодные фотозоны;Светодиодные фотозоны: оборудование, софт и расходники;светодиодный экран;https://ru.wikipedia.org/wiki/Светодиодный_экран;траст
3;Светодиодные фотозоны;Led фотозона: как выбрать подрядчика и не переплатить;led фотозона;https://divent.ru/ekb/uslugi/svetodiodnaya-uglovaya-led-fotozona/;анкор клиента
3;Светодиодные фотозоны;Светодиодные фотозоны: разбор реальных кейсов;;;
3;Светодиодные фотозоны;Светодиодные фотозоны: площадка, электрика и безопасность;неоновая лампа;https://ru.wikipedia.org/wiki/Неоновая_лампа;траст
3;Светодиодные фотозоны;Светодиодные фотозоны: частые ошибки заказчиков;;;
7;Роботы на мероприятиях;Роботы на мероприятиях: что изменилось в 2026 году;;;
7;Роботы на мероприятиях;Роботы на мероприятиях: оборудование, софт и расходники;компьютерное зрение;https://ru.wikipedia.org/wiki/Компьютерное_зрение;траст
7;Роботы на мероприятиях;Робот художник на мероприятие: как выбрать подрядчика и не переплатить;робот художник на мероприятие;https://divent.ru/uslugi/robot-hudozhnik/;анкор клиента
7;Роботы на мероприятиях;Роботы на мероприятиях: разбор реальных кейсов;;;
7;Роботы на мероприятиях;Роботы на мероприятиях: площадка, электрика и безопасность;сервисный робот;https://ru.wikipedia.org/wiki/Сервисный_робот;траст
7;Роботы на мероприятиях;Аренда робота на мероприятие: из чего складывается цена;аренда робота на мероприятие;https://divent.ru/uslugi/roboty/;анкор клиента
7;Роботы на мероприятиях;Роботы на мероприятиях: частые ошибки заказчиков;;;
6;Аренда роботов для event-проектов;Аренда роботов для event-проектов: что изменилось в 2026 году;;;
6;Аренда роботов для event-проектов;Аренда роботов для event-проектов: оборудование, софт и расходники;робототехника;https://ru.wikipedia.org/wiki/Робототехника;траст
6;Аренда роботов для event-проектов;Аренда роботов на мероприятие: как выбрать подрядчика и не переплатить;аренда роботов на мероприятие;https://divent.ru/uslugi/roboty/;анкор клиента
6;Аренда роботов для event-проектов;Аренда роботов для event-проектов: разбор реальных кейсов;;;
6;Аренда роботов для event-проектов;Аренда роботов для event-проектов: площадка, электрика и безопасность;робот;https://ru.wikipedia.org/wiki/Робот;траст
6;Аренда роботов для event-проектов;Аренда роботов для event-проектов: частые ошибки заказчиков;;;
