Домен,URL статьи,Слаг рубрики,Слаг записи,Дата,Анкор,Целевая ссылка,Денежная,Тема,Точный URL
2semechki.ru,https://2semechki.ru/event-foto-v-moskve/kak-vybrat-fotobudku-v-moskve-bez-pereplat/,event-foto-v-moskve,kak-vybrat-fotobudku-v-moskve-bez-pereplat,2026-08-16,фотобудка аренда Москва,https://divent.ru/uslugi/arenda-fotobudki/,да,,да
avtogear62.ru,https://avtogear62.ru/?p=133,,,2026-06-01,,,,"Как понять, какая профессия вам подойдёт","нет: адрес вида ?p=ID, слаг не восстановить"
avtogear62.ru,https://avtogear62.ru/?p=134,,,2026-06-03,,,,Профориентация для взрослых: с чего начать,"нет: адрес вида ?p=ID, слаг не восстановить"
avtogear62.ru,https://avtogear62.ru/?p=135,,,2026-06-04,профессиональная переподготовка,https://ru.wikipedia.org/wiki/Профессиональная_переподготовка,,Что такое профпереподготовка простыми словами,"нет: адрес вида ?p=ID, слаг не восстановить"
avtogear62.ru,https://avtogear62.ru/?p=136,,,2026-06-05,проф переподготовка,https://aso-cdo.ru/tyumen/professionalnaya-perepodgotovka/,да,Проф переподготовка: короткий путь к новой профессии,"нет: адрес вида ?p=ID, слаг не восстановить"
avtogear62.ru,https://avtogear62.ru/novaja-professija/profperepodgotovka-korotkij-put-k-novoj-professii/,novaja-professija,profperepodgotovka-korotkij-put-k-novoj-professii,2026-06-05,проф переподготовка,https://aso-cdo.ru/tyumen/professionalnaya-perepodgotovka/,да,,да
avtogear62.ru,https://avtogear62.ru/?p=137,,,2026-06-06,Работа России,https://trudvsem.ru/,,Поддержка занятости и переобучение населения,"нет: адрес вида ?p=ID, слаг не восстановить"
avtogear62.ru,https://avtogear62.ru/?p=138,,,2026-06-08,,,,Сколько зарабатывают после смены профессии,"нет: адрес вида ?p=ID, слаг не восстановить"
avtogear62.ru,https://avtogear62.ru/arenda-robotov-dlja-event-proektov/arenda-robotov-na-meroprijatie-bez-pereplat/,arenda-robotov-dlja-event-proektov,arenda-robotov-na-meroprijatie-bez-pereplat,2026-08-18,аренда роботов на мероприятие,https://divent.ru/uslugi/roboty/,да,,да
drunk-fish.ru,https://drunk-fish.ru/?p=128,,,2026-05-22,,,,Когда пора менять профессию: главные признаки,"нет: адрес вида ?p=ID, слаг не восстановить"
drunk-fish.ru,https://drunk-fish.ru/?p=129,,,2026-05-24,Росстат,https://rosstat.gov.ru/,,Рынок труда и востребованные профессии в России,"нет: адрес вида ?p=ID, слаг не восстановить"
drunk-fish.ru,https://drunk-fish.ru/?p=130,,,2026-05-25,профессиональная переподготовка,https://aso-cdo.ru/tyumen/professionalnaya-perepodgotovka/,да,Профессиональная переподготовка: как сменить сферу деятельности,"нет: адрес вида ?p=ID, слаг не восстановить"
drunk-fish.ru,https://drunk-fish.ru/smena-professii/professionalnaja-perepodgotovka-put-k-novoj-karere/,smena-professii,professionalnaja-perepodgotovka-put-k-novoj-karere,2026-05-25,профессиональная переподготовка,https://aso-cdo.ru/tyumen/professionalnaya-perepodgotovka/,да,,да
drunk-fish.ru,https://drunk-fish.ru/?p=131,,,2026-05-26,,,,Мифы о переобучении взрослых,"нет: адрес вида ?p=ID, слаг не восстановить"
drunk-fish.ru,https://drunk-fish.ru/?p=132,,,2026-05-27,Рособрнадзор,https://obrnadzor.gov.ru/,,Как проверить документ о переподготовке,"нет: адрес вида ?p=ID, слаг не восстановить"
drunk-fish.ru,https://drunk-fish.ru/?p=133,,,2026-05-29,,,,Истории успешной смены профессии,"нет: адрес вида ?p=ID, слаг не восстановить"
drunk-fish.ru,https://drunk-fish.ru/svadebnye-fotozony-v-ekaterinburge/kak-vybrat-fotozonu-na-svadbu-v-ekaterinburge/,svadebnye-fotozony-v-ekaterinburge,kak-vybrat-fotozonu-na-svadbu-v-ekaterinburge,2026-06-10,фотозона на свадьбу в Екатеринбурге,https://divent.ru/ekb/uslugi/fotozony/,да,,да
elintel.ru,https://elintel.ru/iskusstvennyj-intellekt-v-event-fotografii/fotobudka-s-ii-v-moskve-vybor-bez-pereplat/,iskusstvennyj-intellekt-v-event-fotografii,fotobudka-s-ii-v-moskve-vybor-bez-pereplat,2026-08-15,фотобудка с ИИ в Москве,https://divent.ru/uslugi/ii-fotobudka/,да,,да
kakudobrit.ru,https://kakudobrit.ru/?p=105,,,2026-05-25,,,,Второе высшее или переподготовка: что выбрать,"нет: адрес вида ?p=ID, слаг не восстановить"
kakudobrit.ru,https://kakudobrit.ru/?p=106,,,2026-05-26,переподготовка на базе высшего образования в Тюмени,https://aso-cdo.ru/tyumen/professionalnaya-perepodgotovka/,да,Переподготовка на базе высшего образования в Тюмени,"нет: адрес вида ?p=ID, слаг не восстановить"
kakudobrit.ru,https://kakudobrit.ru/dopolnitelnoe-obrazovanie/perepodgotovka-v-tjumeni-novye-karernye-vozmozhnosti/,dopolnitelnoe-obrazovanie,perepodgotovka-v-tjumeni-novye-karernye-vozmozhnosti,2026-05-26,переподготовка на базе высшего образования в Тюмени,https://aso-cdo.ru/tyumen/professionalnaya-perepodgotovka/,да,,да
kakudobrit.ru,https://kakudobrit.ru/?p=107,,,2026-05-28,Закон об образовании,https://www.consultant.ru/document/cons_doc_LAW_140174/,,Уровни профессионального образования в России,"нет: адрес вида ?p=ID, слаг не восстановить"
kakudobrit.ru,https://kakudobrit.ru/?p=108,,,2026-05-29,,,,Кому подходит переподготовка на базе диплома вуза,"нет: адрес вида ?p=ID, слаг не восстановить"
kakudobrit.ru,https://kakudobrit.ru/?p=109,,,2026-05-31,Рособрнадзор,https://obrnadzor.gov.ru/,,Как государство контролирует качество образования,"нет: адрес вида ?p=ID, слаг не восстановить"
kakudobrit.ru,https://kakudobrit.ru/?p=110,,,2026-06-01,,,,Как переподготовка помогает в карьере,"нет: адрес вида ?p=ID, слаг не восстановить"
kakudobrit.ru,https://kakudobrit.ru/svadby-v-ekaterinburge-fotozony-i-dekor/kak-vybrat-fotozonu-na-svadbu-v-ekaterinburge/,svadby-v-ekaterinburge-fotozony-i-dekor,kak-vybrat-fotozonu-na-svadbu-v-ekaterinburge,2026-06-09,фотозона на свадьбу в Екатеринбурге,https://divent.ru/ekb/uslugi/fotozony/,да,,да
kgdink.ru,https://kgdink.ru/professija-voditel-pogruzchika/odin-den-iz-zhizni-voditelja-pogruzchika/,professija-voditel-pogruzchika,odin-den-iz-zhizni-voditelja-pogruzchika,2026-05-11,,,,Один день из жизни водителя погрузчика,да
kgdink.ru,https://kgdink.ru/professija-voditel-pogruzchika/kakie-byvajut-pogruzchiki-jelektricheskie-i-dizelnye/,professija-voditel-pogruzchika,kakie-byvajut-pogruzchiki-jelektricheskie-i-dizelnye,2026-05-12,,,,Какие бывают погрузчики: электрические и дизельные,да
kgdink.ru,https://kgdink.ru/professija-voditel-pogruzchika/ustrojstvo-i-princip-raboty-pogruzchika/,professija-voditel-pogruzchika,ustrojstvo-i-princip-raboty-pogruzchika,2026-05-14,погрузчик,https://ru.wikipedia.org/wiki/Погрузчик,,Устройство и принцип работы погрузчика,да
kgdink.ru,https://kgdink.ru/professija-voditel-pogruzchika/obuchenie-na-voditelja-pogruzchika-v-moskve/,professija-voditel-pogruzchika,obuchenie-na-voditelja-pogruzchika-v-moskve,2026-05-16,обучение на водителя погрузчика в москве,https://aso-cdo.ru/moskva/rabochie-professii/voditel-pogruzchika/,да,Обучение на водителя погрузчика в Москве: цены и сроки,да
kgdink.ru,https://kgdink.ru/professija-voditel-pogruzchika/pravila-bezopasnoj-jekspluatacii-pogruzchikov/,professija-voditel-pogruzchika,pravila-bezopasnoj-jekspluatacii-pogruzchikov,2026-05-17,Ростехнадзор,https://www.gosnadzor.ru/,,Правила безопасной эксплуатации погрузчиков,да
kgdink.ru,https://kgdink.ru/?p=107,,,2026-05-19,,,,Что проверяют на экзамене у будущего водителя погрузчика,"нет: адрес вида ?p=ID, слаг не восстановить"
kgdink.ru,https://kgdink.ru/fotozony-v-ekaterinburge-podbor-po-sluchaju/kak-vybrat-fotozonu-v-ekb-bez-pereplat/,fotozony-v-ekaterinburge-podbor-po-sluchaju,kak-vybrat-fotozonu-v-ekb-bez-pereplat,2026-06-04,фотозона Екб,https://divent.ru/ekb/uslugi/fotozony/,да,,да
ledpnz.ru,https://ledpnz.ru/?p=120,,,2026-05-29,,,,Как выбрать профессиональные курсы и не потратить деньги зря,"нет: адрес вида ?p=ID, слаг не восстановить"
ledpnz.ru,https://ledpnz.ru/?p=121,,,2026-05-31,курсы переподготовки,https://aso-cdo.ru/tyumen/professionalnaya-perepodgotovka/,да,Курсы переподготовки: с чего начать обучение,"нет: адрес вида ?p=ID, слаг не восстановить"
ledpnz.ru,https://ledpnz.ru/professionalnye-kursy/kursy-perepodgotovki-s-chego-nachat-obuchenie/,professionalnye-kursy,kursy-perepodgotovki-s-chego-nachat-obuchenie,2026-05-31,курсы переподготовки,https://aso-cdo.ru/tyumen/professionalnaya-perepodgotovka/,да,,да
ledpnz.ru,https://ledpnz.ru/?p=122,,,2026-06-02,профессиональная переподготовка,https://ru.wikipedia.org/wiki/Профессиональная_переподготовка,,Дополнительное профессиональное образование простыми словами,"нет: адрес вида ?p=ID, слаг не восстановить"
ledpnz.ru,https://ledpnz.ru/?p=123,,,2026-06-04,,,,Сколько стоят курсы переподготовки,"нет: адрес вида ?p=ID, слаг не восстановить"
ledpnz.ru,https://ledpnz.ru/?p=124,,,2026-06-05,Рособрнадзор,https://obrnadzor.gov.ru/,,Как проверить учебный центр перед оплатой,"нет: адрес вида ?p=ID, слаг не восстановить"
ledpnz.ru,https://ledpnz.ru/?p=125,,,2026-06-06,,,,Что делать после завершения курсов,"нет: адрес вида ?p=ID, слаг не восстановить"
ledpnz.ru,https://ledpnz.ru/neonovye-fotozony-i-led-room/neonovyj-tonnel-fotozona-vybor-bez-pereplat/,neonovye-fotozony-i-led-room,neonovyj-tonnel-fotozona-vybor-bez-pereplat,2026-08-16,неоновый тоннель фотозона,https://divent.ru/uslugi/neonovaya-fotozona-led-room/,да,,да
mai-hoshi.ru,https://mai-hoshi.ru/?p=128,,,2026-05-20,,,,Где получить новую профессию в Тюмени,"нет: адрес вида ?p=ID, слаг не восстановить"
mai-hoshi.ru,https://mai-hoshi.ru/?p=129,,,2026-05-21,профпереподготовка в Тюмени,https://aso-cdo.ru/tyumen/professionalnaya-perepodgotovka/,да,Профпереподготовка в Тюмени: куда пойти учиться,"нет: адрес вида ?p=ID, слаг не восстановить"
mai-hoshi.ru,https://mai-hoshi.ru/obrazovanie-v-tjumeni/profperepodgotovka-v-tjumeni-gde-uchitsja/,obrazovanie-v-tjumeni,profperepodgotovka-v-tjumeni-gde-uchitsja,2026-05-21,профпереподготовка в Тюмени,https://aso-cdo.ru/tyumen/professionalnaya-perepodgotovka/,да,,да
mai-hoshi.ru,https://mai-hoshi.ru/?p=130,,,2026-05-23,профессиональная переподготовка,https://ru.wikipedia.org/wiki/Профессиональная_переподготовка,,Что такое профессиональная переподготовка,"нет: адрес вида ?p=ID, слаг не восстановить"
mai-hoshi.ru,https://mai-hoshi.ru/?p=131,,,2026-05-25,,,,Сколько длится переподготовка и от чего это зависит,"нет: адрес вида ?p=ID, слаг не восстановить"
mai-hoshi.ru,https://mai-hoshi.ru/?p=132,,,2026-05-26,Закон об образовании,https://www.consultant.ru/document/cons_doc_LAW_140174/,,Дополнительное профессиональное образование в законе,"нет: адрес вида ?p=ID, слаг не восстановить"
mai-hoshi.ru,https://mai-hoshi.ru/?p=133,,,2026-05-27,,,,Как выбрать программу переподготовки в Тюмени,"нет: адрес вида ?p=ID, слаг не восстановить"
mai-hoshi.ru,https://mai-hoshi.ru/led-fotozony-tehnicheskie-harakteristiki/kak-vybrat-led-fotozonu-dlja-arendy/,led-fotozony-tehnicheskie-harakteristiki,kak-vybrat-led-fotozonu-dlja-arendy,2026-06-09,led фотозона аренда,https://divent.ru/uslugi/svetodiodnaya-uglovaya-led-fotozona/,да,,да
omegabay.ru,https://omegabay.ru/spectehnika-i-ejo-operatory/kto-upravljaet-skladskoj-spectehnikoj/,spectehnika-i-ejo-operatory,kto-upravljaet-skladskoj-spectehnikoj,2026-05-16,,,,Кто управляет складской спецтехникой,да
omegabay.ru,https://omegabay.ru/spectehnika-i-ejo-operatory/obuchenie-na-pogruzchik-v-moskve-cena-i-faktory/,spectehnika-i-ejo-operatory,obuchenie-na-pogruzchik-v-moskve-cena-i-faktory,2026-05-18,обучение на погрузчик в москве цена,https://aso-cdo.ru/moskva/rabochie-professii/voditel-pogruzchika/,да,Обучение на погрузчик в Москве: из чего складывается цена,да
omegabay.ru,https://omegabay.ru/?p=108,,,2026-05-19,погрузчик,https://ru.wikipedia.org/wiki/Погрузчик,,Виды складской и подъёмной техники,"нет: адрес вида ?p=ID, слаг не восстановить"
omegabay.ru,https://omegabay.ru/?p=109,,,2026-05-20,,,,Как выбрать формат обучения: очно или онлайн,"нет: адрес вида ?p=ID, слаг не восстановить"
omegabay.ru,https://omegabay.ru/?p=110,,,2026-05-21,профстандарты,https://profstandart.rosmintrud.ru/,,Профессиональные стандарты операторов спецтехники,"нет: адрес вида ?p=ID, слаг не восстановить"
omegabay.ru,https://omegabay.ru/?p=111,,,2026-05-23,,,,Что нужно знать новичку перед обучением,"нет: адрес вида ?p=ID, слаг не восстановить"
omegabay.ru,https://omegabay.ru/arenda-fotozon-pod-sobytie-ljubogo-masshtaba/kak-vybrat-arendu-fotozony-gramotno/,arenda-fotozon-pod-sobytie-ljubogo-masshtaba,kak-vybrat-arendu-fotozony-gramotno,2026-06-06,аренда фотозоны,https://divent.ru/ekb/uslugi/fotozony/,да,,да
prforce.ru,https://prforce.ru/kursy-rabochih-professij/kak-vybrat-kursy-rabochej-professii-bez-oshibok/,kursy-rabochih-professij,kak-vybrat-kursy-rabochej-professii-bez-oshibok,2026-05-14,,,,Как выбрать курсы рабочей профессии и не ошибиться,да
prforce.ru,https://prforce.ru/kursy-rabochih-professij/kak-vybrat-uchebnyj-centr-bez-oshibok/,kursy-rabochih-professij,kak-vybrat-uchebnyj-centr-bez-oshibok,2026-05-16,Рособрнадзор,https://obrnadzor.gov.ru/,,На что обратить внимание при выборе учебного центра,да
prforce.ru,https://prforce.ru/kursy-rabochih-professij/kursy-voditelja-pogruzchika-v-moskve-obzor-programm/,kursy-rabochih-professij,kursy-voditelja-pogruzchika-v-moskve-obzor-programm,2026-05-17,курсы водителя погрузчика в москве,https://aso-cdo.ru/moskva/rabochie-professii/voditel-pogruzchika/,да,Курсы водителя погрузчика в Москве: обзор программ,да
prforce.ru,https://prforce.ru/kursy-rabochih-professij/chto-vhodit-v-programmu-kursa-voditelja-pogruzchika/,kursy-rabochih-professij,chto-vhodit-v-programmu-kursa-voditelja-pogruzchika,2026-05-18,,,,Что входит в программу курса водителя погрузчика,да
prforce.ru,https://prforce.ru/?p=145,,,2026-05-20,Ростехнадзор,https://www.gosnadzor.ru/,,Категории и удостоверения для управления спецтехникой,"нет: адрес вида ?p=ID, слаг не восстановить"
prforce.ru,https://prforce.ru/?p=146,,,2026-05-21,,,,Трудоустройство после курсов: насколько это реально,"нет: адрес вида ?p=ID, слаг не восстановить"
prforce.ru,https://prforce.ru/fotozony-kak-chast-scenarija-meroprijatija/kak-vybrat-fotozonu-na-meroprijatie/,fotozony-kak-chast-scenarija-meroprijatija,kak-vybrat-fotozonu-na-meroprijatie,2026-06-04,фотозона на мероприятие,https://divent.ru/ekb/uslugi/fotozony/,да,,да
pro-covers.ru,https://pro-covers.ru/svetodiodnye-fotozony/led-fotozona-kak-vybrat-podrjadchika/,svetodiodnye-fotozony,led-fotozona-kak-vybrat-podrjadchika,2026-08-16,led фотозона,https://divent.ru/ekb/uslugi/svetodiodnaya-uglovaya-led-fotozona/,да,,да
promplo.ru,https://promplo.ru/?p=136,,,2026-05-31,,,,Возможности дополнительного образования в Тюмени,"нет: адрес вида ?p=ID, слаг не восстановить"
promplo.ru,https://promplo.ru/?p=137,,,2026-06-01,Росстат,https://rosstat.gov.ru/,,Рынок труда Тюменской области: обзор,"нет: адрес вида ?p=ID, слаг не восстановить"
promplo.ru,https://promplo.ru/?p=138,,,2026-06-02,курсы переподготовки в Тюмени,https://aso-cdo.ru/tyumen/professionalnaya-perepodgotovka/,да,Курсы переподготовки в Тюмени: обзор вариантов,"нет: адрес вида ?p=ID, слаг не восстановить"
promplo.ru,https://promplo.ru/uchjoba-v-tjumeni/kursy-perepodgotovki-v-tjumeni-kak-vybrat/,uchjoba-v-tjumeni,kursy-perepodgotovki-v-tjumeni-kak-vybrat,2026-06-02,курсы переподготовки в Тюмени,https://aso-cdo.ru/tyumen/professionalnaya-perepodgotovka/,да,,да
promplo.ru,https://promplo.ru/?p=139,,,2026-06-03,,,,Какие профессии можно освоить в Тюмени за пару месяцев,"нет: адрес вида ?p=ID, слаг не восстановить"
promplo.ru,https://promplo.ru/?p=140,,,2026-06-05,Работа России,https://trudvsem.ru/,,Где искать работу в Тюмени после учёбы,"нет: адрес вида ?p=ID, слаг не восстановить"
promplo.ru,https://promplo.ru/?p=141,,,2026-06-07,,,,Как совместить курсы с основной работой,"нет: адрес вида ?p=ID, слаг не восстановить"
promplo.ru,https://promplo.ru/fotobudki-s-nejrosetjami/fotobudka-s-nejrosetju-kak-vybrat-bez-pereplat/,fotobudki-s-nejrosetjami,fotobudka-s-nejrosetju-kak-vybrat-bez-pereplat,2026-08-17,фотобудка с нейросетью в Москве,https://divent.ru/uslugi/ii-fotobudka/,да,,да
property-in-alanya.ru,https://property-in-alanya.ru/start-v-rabochej-professii/rabochie-professii-bez-opyta-s-chego-nachat/,start-v-rabochej-professii,rabochie-professii-bez-opyta-s-chego-nachat,2026-05-17,,,,Рабочие профессии без опыта: с чего начать,да
property-in-alanya.ru,https://property-in-alanya.ru/start-v-rabochej-professii/gde-iskat-pervuju-rabotu-po-specialnosti/,start-v-rabochej-professii,gde-iskat-pervuju-rabotu-po-specialnosti,2026-05-18,Работа России,https://trudvsem.ru/,,Где искать первую работу по рабочей специальности,да
property-in-alanya.ru,https://property-in-alanya.ru/?p=121,,,2026-05-20,учиться на водителя погрузчика в москве,https://aso-cdo.ru/moskva/rabochie-professii/voditel-pogruzchika/,да,Учиться на водителя погрузчика в Москве: пошаговый путь,"нет: адрес вида ?p=ID, слаг не восстановить"
property-in-alanya.ru,https://property-in-alanya.ru/start-v-rabochej-professii/kak-stat-voditelem-pogruzchika-v-moskve/,start-v-rabochej-professii,kak-stat-voditelem-pogruzchika-v-moskve,2026-05-20,учиться на водителя погрузчика в москве,https://aso-cdo.ru/moskva/rabochie-professii/voditel-pogruzchika/,да,,да
property-in-alanya.ru,https://property-in-alanya.ru/?p=122,,,2026-05-22,,,,Какие навыки нужны водителю погрузчика,"нет: адрес вида ?p=ID, слаг не восстановить"
property-in-alanya.ru,https://property-in-alanya.ru/?p=123,,,2026-05-23,охрана труда,https://ru.wikipedia.org/wiki/Охрана_труда,,Безопасность труда операторов погрузчиков,"нет: адрес вида ?p=ID, слаг не восстановить"
property-in-alanya.ru,https://property-in-alanya.ru/?p=124,,,2026-05-25,,,,Перспективы карьерного роста на складе,"нет: адрес вида ?p=ID, слаг не восстановить"
property-in-alanya.ru,https://property-in-alanya.ru/svetodiodnoe-oborudovanie-na-meroprijatijah/kak-vybrat-led-fotozonu-servis-i-bjudzhet/,svetodiodnoe-oborudovanie-na-meroprijatijah,kak-vybrat-led-fotozonu-servis-i-bjudzhet,2026-06-07,led фотозона,https://divent.ru/uslugi/svetodiodnaya-uglovaya-led-fotozona/,да,,да
speciallabel.ru,https://speciallabel.ru/logistika-i-sklad/kak-rabotaet-sovremennyj-skladskoj-kompleks/,logistika-i-sklad,kak-rabotaet-sovremennyj-skladskoj-kompleks,2026-05-18,,,,Как работает современный складской комплекс,да
speciallabel.ru,https://speciallabel.ru/?p=134,,,2026-05-19,,,,Профессии складской логистики,"нет: адрес вида ?p=ID, слаг не восстановить"
speciallabel.ru,https://speciallabel.ru/?p=135,,,2026-05-21,логистика,https://ru.wikipedia.org/wiki/Логистика,,Что такое складская логистика,"нет: адрес вида ?p=ID, слаг не восстановить"
speciallabel.ru,https://speciallabel.ru/?p=136,,,2026-05-22,https://aso-cdo.ru/moskva/rabochie-professii/voditel-pogruzchika/,https://aso-cdo.ru/moskva/rabochie-professii/voditel-pogruzchika/,да,Обучение водителей погрузчиков: полезный ресурс,"нет: адрес вида ?p=ID, слаг не восстановить"
speciallabel.ru,https://speciallabel.ru/logistika-i-sklad/obuchenie-voditelej-pogruzchikov-poleznyj-resurs/,logistika-i-sklad,obuchenie-voditelej-pogruzchikov-poleznyj-resurs,2026-05-22,https://aso-cdo.ru/moskva/rabochie-professii/voditel-pogruzchika/,https://aso-cdo.ru/moskva/rabochie-professii/voditel-pogruzchika/,да,,да
speciallabel.ru,https://speciallabel.ru/?p=137,,,2026-05-23,HeadHunter,https://hh.ru/,,Рынок труда в логистике Москвы,"нет: адрес вида ?p=ID, слаг не восстановить"
speciallabel.ru,https://speciallabel.ru/?p=138,,,2026-05-24,,,,Автоматизация склада: вытеснит ли техника людей,"нет: адрес вида ?p=ID, слаг не восстановить"
speciallabel.ru,https://speciallabel.ru/trendy-v-arende-fotozon/kak-vybrat-arendu-fotozon-gramotno/,trendy-v-arende-fotozon,kak-vybrat-arendu-fotozon-gramotno,2026-06-07,аренда фотозон,https://divent.ru/ekb/uslugi/fotozony/,да,,да
techfile.ru,https://techfile.ru/obuchenie-i-perekvalifikacija/kogda-stoit-smenit-professiju-na-rabochuju/,obuchenie-i-perekvalifikacija,kogda-stoit-smenit-professiju-na-rabochuju,2026-05-13,,,,Когда стоит сменить профессию на рабочую,да
techfile.ru,https://techfile.ru/obuchenie-i-perekvalifikacija/distancionnoe-obuchenie-na-pogruzchik-kak-jeto-rabotaet/,obuchenie-i-perekvalifikacija,distancionnoe-obuchenie-na-pogruzchik-kak-jeto-rabotaet,2026-05-14,дистанционное обучение на погрузчик,https://aso-cdo.ru/moskva/rabochie-professii/voditel-pogruzchika/,да,Дистанционное обучение на погрузчик: как это работает,да
techfile.ru,https://techfile.ru/obuchenie-i-perekvalifikacija/professionalnoe-obuchenie-v-rossii-formy-i-sroki/,obuchenie-i-perekvalifikacija,professionalnoe-obuchenie-v-rossii-formy-i-sroki,2026-05-16,Закон об образовании,https://www.consultant.ru/document/cons_doc_LAW_140174/,,Профессиональное обучение в России: формы и сроки,да
techfile.ru,https://techfile.ru/obuchenie-i-perekvalifikacija/skolko-uchitsja-na-voditelja-pogruzchika/,obuchenie-i-perekvalifikacija,skolko-uchitsja-na-voditelja-pogruzchika,2026-05-17,,,,Сколько длится обучение на водителя погрузчика,да
techfile.ru,https://techfile.ru/?p=125,,,2026-05-19,Росстат,https://rosstat.gov.ru/,,Зарплаты рабочих профессий по регионам России,"нет: адрес вида ?p=ID, слаг не восстановить"
techfile.ru,https://techfile.ru/?p=126,,,2026-05-20,,,,Как совмещать обучение с основной работой,"нет: адрес вида ?p=ID, слаг не восстановить"
techfile.ru,https://techfile.ru/prazdnichnoe-oformlenie-fotozony-i-dekor/kak-vybrat-arendu-fotozon-gramotno/,prazdnichnoe-oformlenie-fotozony-i-dekor,kak-vybrat-arendu-fotozon-gramotno,2026-06-04,аренда фотозон,https://divent.ru/uslugi/fotozony/,да,,да
top-audit.ru,https://top-audit.ru/ceny-na-obuchenie-professijam/skolko-stoit-osvoit-rabochuju-professiju-v-moskve/,ceny-na-obuchenie-professijam,skolko-stoit-osvoit-rabochuju-professiju-v-moskve,2026-05-15,,,,Сколько стоит освоить рабочую профессию в Москве,да
top-audit.ru,https://top-audit.ru/ceny-na-obuchenie-professijam/ot-chego-zavisit-cena-obuchenija-na-spectehniku/,ceny-na-obuchenie-professijam,ot-chego-zavisit-cena-obuchenija-na-spectehniku,2026-05-16,,,,От чего зависит цена обучения на спецтехнику,да
top-audit.ru,https://top-audit.ru/ceny-na-obuchenie-professijam/kak-ne-pereplatit-za-kursy/,ceny-na-obuchenie-professijam,kak-ne-pereplatit-za-kursy,2026-05-17,HeadHunter,https://hh.ru/,,Как не переплатить за курсы: практические советы,да
top-audit.ru,https://top-audit.ru/?p=127,,,2026-05-19,обучение на водителя погрузчика в москве цена,https://aso-cdo.ru/moskva/rabochie-professii/voditel-pogruzchika/,да,Обучение на водителя погрузчика в Москве: из чего складывается цена,"нет: адрес вида ?p=ID, слаг не восстановить"
top-audit.ru,https://top-audit.ru/ceny-na-obuchenie-professijam/obuchenie-na-voditelja-pogruzchika-v-moskve-cena/,ceny-na-obuchenie-professijam,obuchenie-na-voditelja-pogruzchika-v-moskve-cena,2026-05-19,обучение на водителя погрузчика в москве цена,https://aso-cdo.ru/moskva/rabochie-professii/voditel-pogruzchika/,да,,да
top-audit.ru,https://top-audit.ru/?p=128,,,2026-05-21,КонсультантПлюс,https://www.consultant.ru/,,Налоговый вычет за обучение: как вернуть часть денег,"нет: адрес вида ?p=ID, слаг не восстановить"
top-audit.ru,https://top-audit.ru/?p=129,,,2026-05-23,,,,Окупаются ли вложения в обучение на водителя погрузчика,"нет: адрес вида ?p=ID, слаг не восстановить"
top-audit.ru,https://top-audit.ru/led-tehnologii-v-oformlenii-fotozon/kak-vybrat-uglovuju-led-fotozonu/,led-tehnologii-v-oformlenii-fotozon,kak-vybrat-uglovuju-led-fotozonu,2026-06-04,угловая led фотозона,https://divent.ru/uslugi/svetodiodnaya-uglovaya-led-fotozona/,да,,да
unit-org.ru,https://unit-org.ru/?p=152,,,2026-05-24,,,,Как расти в карьере после 30 лет,"нет: адрес вида ?p=ID, слаг не восстановить"
unit-org.ru,https://unit-org.ru/?p=153,,,2026-05-25,,,,Профессии будущего: к чему готовиться уже сейчас,"нет: адрес вида ?p=ID, слаг не восстановить"
unit-org.ru,https://unit-org.ru/?p=154,,,2026-05-27,профессиональная переподготовка,https://ru.wikipedia.org/wiki/Профессиональная_переподготовка,,Непрерывное образование: зачем учиться всю жизнь,"нет: адрес вида ?p=ID, слаг не восстановить"
unit-org.ru,https://unit-org.ru/?p=155,,,2026-05-28,профессиональная переподготовка в Тюмени,https://aso-cdo.ru/tyumen/professionalnaya-perepodgotovka/,да,Профессиональная переподготовка в Тюмени: программы и центры,"нет: адрес вида ?p=ID, слаг не восстановить"
unit-org.ru,https://unit-org.ru/karera-i-razvitie/professionalnaja-perepodgotovka-v-tjumeni/,karera-i-razvitie,professionalnaja-perepodgotovka-v-tjumeni,2026-05-28,профессиональная переподготовка в Тюмени,https://aso-cdo.ru/tyumen/professionalnaya-perepodgotovka/,да,,да
unit-org.ru,https://unit-org.ru/?p=156,,,2026-05-29,Работа России,https://trudvsem.ru/,,Государственная поддержка переобучения граждан,"нет: адрес вида ?p=ID, слаг не восстановить"
unit-org.ru,https://unit-org.ru/?p=157,,,2026-05-31,,,,Как поставить цель и выбрать новое направление,"нет: адрес вида ?p=ID, слаг не восстановить"
unit-org.ru,https://unit-org.ru/led-oformlenie-massovyh-event-proektov/kak-vybrat-led-fotozonu-dlja-meroprijatija/,led-oformlenie-massovyh-event-proektov,kak-vybrat-led-fotozonu-dlja-meroprijatija,2026-06-10,led фотозоны на мероприятие,https://divent.ru/uslugi/svetodiodnaya-uglovaya-led-fotozona/,да,,да
yellodigital.ru,https://yellodigital.ru/?p=130,,,2026-06-03,,,,Образование как инвестиция в карьеру,"нет: адрес вида ?p=ID, слаг не восстановить"
yellodigital.ru,https://yellodigital.ru/?p=131,,,2026-06-04,профессиональная переподготовка,https://aso-cdo.ru/tyumen/professionalnaya-perepodgotovka/,да,Профессиональная переподготовка: ответы на главные вопросы,"нет: адрес вида ?p=ID, слаг не восстановить"
yellodigital.ru,https://yellodigital.ru/professija-i-obuchenie/professionalnaja-perepodgotovka-glavnye-otvety/,professija-i-obuchenie,professionalnaja-perepodgotovka-glavnye-otvety,2026-06-04,профессиональная переподготовка,https://aso-cdo.ru/tyumen/professionalnaya-perepodgotovka/,да,,да
yellodigital.ru,https://yellodigital.ru/?p=132,,,2026-06-06,Закон об образовании,https://www.consultant.ru/document/cons_doc_LAW_140174/,,Как государство регулирует дополнительное образование,"нет: адрес вида ?p=ID, слаг не восстановить"
yellodigital.ru,https://yellodigital.ru/?p=133,,,2026-06-07,,,,Как выбрать направление переподготовки по душе,"нет: адрес вида ?p=ID, слаг не восстановить"
yellodigital.ru,https://yellodigital.ru/?p=134,,,2026-06-09,Росстат,https://rosstat.gov.ru/,,Какие профессии сегодня нужны рынку труда,"нет: адрес вида ?p=ID, слаг не восстановить"
yellodigital.ru,https://yellodigital.ru/?p=135,,,2026-06-10,,,,Переподготовка: реальные сроки и результаты,"нет: адрес вида ?p=ID, слаг не восстановить"
yellodigital.ru,https://yellodigital.ru/roboty-na-meroprijatijah/robot-hudozhnik-na-meroprijatie-vybor-bez-pereplat/,roboty-na-meroprijatijah,robot-hudozhnik-na-meroprijatie-vybor-bez-pereplat,2026-08-18,робот художник на мероприятие,https://divent.ru/uslugi/robot-hudozhnik/,да,,да
yellodigital.ru,https://yellodigital.ru/roboty-na-meroprijatijah/skolko-stoit-arenda-robota-na-meroprijatie/,roboty-na-meroprijatijah,skolko-stoit-arenda-robota-na-meroprijatie,2026-08-22,аренда робота на мероприятие,https://divent.ru/uslugi/roboty/,да,,да
доступныйсервис.рф,https://xn--b1addncxgimfdeeo6j.xn--p1ai/?p=123,,,2026-05-28,,,,Чем курсы переподготовки отличаются от вузовских программ,"нет: адрес вида ?p=ID, слаг не восстановить"
доступныйсервис.рф,https://xn--b1addncxgimfdeeo6j.xn--p1ai/?p=124,,,2026-05-29,,,,Как устроены программы дополнительного образования,"нет: адрес вида ?p=ID, слаг не восстановить"
доступныйсервис.рф,https://xn--b1addncxgimfdeeo6j.xn--p1ai/?p=125,,,2026-05-31,Рособрнадзор,https://obrnadzor.gov.ru/,,Документ о квалификации: что он даёт выпускнику,"нет: адрес вида ?p=ID, слаг не восстановить"
доступныйсервис.рф,https://xn--b1addncxgimfdeeo6j.xn--p1ai/?p=126,,,2026-06-02,курсы профессиональной переподготовки,https://aso-cdo.ru/tyumen/professionalnaya-perepodgotovka/,да,Курсы профессиональной переподготовки: как выбрать,"нет: адрес вида ?p=ID, слаг не восстановить"
доступныйсервис.рф,https://xn--b1addncxgimfdeeo6j.xn--p1ai/kursy-i-programmy/kak-vybrat-kursy-profperepodgotovki/,kursy-i-programmy,kak-vybrat-kursy-profperepodgotovki,2026-06-02,курсы профессиональной переподготовки,https://aso-cdo.ru/tyumen/professionalnaya-perepodgotovka/,да,,да
доступныйсервис.рф,https://xn--b1addncxgimfdeeo6j.xn--p1ai/?p=127,,,2026-06-04,Росстат,https://rosstat.gov.ru/,,Востребованные направления переобучения,"нет: адрес вида ?p=ID, слаг не восстановить"
доступныйсервис.рф,https://xn--b1addncxgimfdeeo6j.xn--p1ai/?p=128,,,2026-06-05,,,,Дистанционные курсы переподготовки: за и против,"нет: адрес вида ?p=ID, слаг не восстановить"
доступныйсервис.рф,https://xn--b1addncxgimfdeeo6j.xn--p1ai/vypusknye-v-ekaterinburge-oformlenie-fotozon/kak-vybrat-fotozonu-na-vypusknoj-v-ekaterinburge/,vypusknye-v-ekaterinburge-oformlenie-fotozon,kak-vybrat-fotozonu-na-vypusknoj-v-ekaterinburge,2026-06-11,фотозона на выпускной в Екатеринбурге,https://divent.ru/ekb/uslugi/fotozony-na-vipusknoy/,да,,да
стандарт72.рф,https://xn--72-6kcat7cxadjf.xn--p1ai/?p=100,,,2026-05-27,,,,Почему взрослому человеку полезно переобучаться,"нет: адрес вида ?p=ID, слаг не восстановить"
стандарт72.рф,https://xn--72-6kcat7cxadjf.xn--p1ai/?p=101,,,2026-05-29,профессиональная переподготовка,https://ru.wikipedia.org/wiki/Профессиональная_переподготовка,,Образование для взрослых: мировой опыт,"нет: адрес вида ?p=ID, слаг не восстановить"
стандарт72.рф,https://xn--72-6kcat7cxadjf.xn--p1ai/?p=102,,,2026-05-30,переподготовка,https://aso-cdo.ru/tyumen/professionalnaya-perepodgotovka/,да,Переподготовка: как получить новую профессию быстро,"нет: адрес вида ?p=ID, слаг не восстановить"
стандарт72.рф,https://xn--72-6kcat7cxadjf.xn--p1ai/pereobuchenie-vzroslyh/perepodgotovka-novaja-professija-v-korotkij-srok/,pereobuchenie-vzroslyh,perepodgotovka-novaja-professija-v-korotkij-srok,2026-05-30,переподготовка,https://aso-cdo.ru/tyumen/professionalnaya-perepodgotovka/,да,,да
стандарт72.рф,https://xn--72-6kcat7cxadjf.xn--p1ai/?p=103,,,2026-06-01,,,,Сколько времени нужно на освоение новой профессии,"нет: адрес вида ?p=ID, слаг не восстановить"
стандарт72.рф,https://xn--72-6kcat7cxadjf.xn--p1ai/?p=104,,,2026-06-03,HeadHunter,https://hh.ru/,,Где найти работу после переобучения,"нет: адрес вида ?p=ID, слаг не восстановить"
стандарт72.рф,https://xn--72-6kcat7cxadjf.xn--p1ai/?p=105,,,2026-06-04,,,,Как не бросить учёбу на полпути,"нет: адрес вида ?p=ID, слаг не восстановить"
стандарт72.рф,https://xn--72-6kcat7cxadjf.xn--p1ai/svetodiodnye-fotozony-preimushhestva-dlja-event/kak-vybrat-led-fotozonu-v-arendu/,svetodiodnye-fotozony-preimushhestva-dlja-event,kak-vybrat-led-fotozonu-v-arendu,2026-06-09,светодиодная фотозона аренда,https://divent.ru/uslugi/svetodiodnaya-uglovaya-led-fotozona/,да,,да
