Домен,Где менять NS,NS1,NS2
drunk-fish.ru,панель №1,art.ns.cloudflare.com,tiffany.ns.cloudflare.com
kgdink.ru,панель №1,art.ns.cloudflare.com,tiffany.ns.cloudflare.com
mai-hoshi.ru,панель №1,art.ns.cloudflare.com,tiffany.ns.cloudflare.com
omegabay.ru,панель №1,art.ns.cloudflare.com,tiffany.ns.cloudflare.com
prforce.ru,панель №1,art.ns.cloudflare.com,tiffany.ns.cloudflare.com
property-in-alanya.ru,REG.RU,art.ns.cloudflare.com,tiffany.ns.cloudflare.com
speciallabel.ru,панель №1,art.ns.cloudflare.com,tiffany.ns.cloudflare.com
techfile.ru,панель №1,art.ns.cloudflare.com,tiffany.ns.cloudflare.com
top-audit.ru,REG.RU,art.ns.cloudflare.com,tiffany.ns.cloudflare.com
unit-org.ru,панель №1,art.ns.cloudflare.com,tiffany.ns.cloudflare.com
2semechki.ru,панель №1,art.ns.cloudflare.com,tiffany.ns.cloudflare.com
avtogear62.ru,REG.RU,art.ns.cloudflare.com,tiffany.ns.cloudflare.com
promplo.ru,REG.RU,art.ns.cloudflare.com,tiffany.ns.cloudflare.com
kakudobrit.ru,панель №1,art.ns.cloudflare.com,tiffany.ns.cloudflare.com
ledpnz.ru,REG.RU,art.ns.cloudflare.com,tiffany.ns.cloudflare.com
elintel.ru,панель №1,art.ns.cloudflare.com,tiffany.ns.cloudflare.com
pro-covers.ru,панель №1,art.ns.cloudflare.com,tiffany.ns.cloudflare.com
yellodigital.ru,панель №1,art.ns.cloudflare.com,tiffany.ns.cloudflare.com
доступныйсервис.рф,REG.RU,art.ns.cloudflare.com,tiffany.ns.cloudflare.com
стандарт72.рф,панель №1,art.ns.cloudflare.com,tiffany.ns.cloudflare.com
