Домен,Домен ASCII,ID,Заголовок,Слаг,Рубрика,Слаг рубрики,Дата,Анкор,Целевая ссылка,Денежная,Тема,Был в индексе,Источник заголовка,Источник слага
2semechki.ru,2semechki.ru,138,,,Event-фото в Москве,event-foto-v-moskve,2026-08-14 21:17,,,,Event-фото в Москве: что изменилось в 2026 году,да,сгенерируется,утрачен
2semechki.ru,2semechki.ru,140,,,Event-фото в Москве,event-foto-v-moskve,2026-08-15 16:19,,,,"Event-фото в Москве: оборудование, софт и расходники",да,сгенерируется,утрачен
2semechki.ru,2semechki.ru,142,Как выбрать фотобудку в Москве без переплат,kak-vybrat-fotobudku-v-moskve-bez-pereplat,Event-фото в Москве,event-foto-v-moskve,2026-08-16 18:23,фотобудка аренда Москва,https://divent.ru/uslugi/arenda-fotobudki/,да,Фотобудка аренда Москва: как выбрать подрядчика и не переплатить,да,восстановлен из слага,записан в реестре
2semechki.ru,2semechki.ru,144,,,Event-фото в Москве,event-foto-v-moskve,2026-08-17 15:05,,,,Event-фото в Москве: разбор реальных кейсов,да,сгенерируется,утрачен
2semechki.ru,2semechki.ru,146,,,Event-фото в Москве,event-foto-v-moskve,2026-08-19 18:10,,,,"Event-фото в Москве: площадка, электрика и безопасность",нет,сгенерируется,утрачен
2semechki.ru,2semechki.ru,148,,,Event-фото в Москве,event-foto-v-moskve,2026-08-21 15:46,,,,Event-фото в Москве: частые ошибки заказчиков,нет,сгенерируется,утрачен
avtogear62.ru,avtogear62.ru,133,"Как понять, какая профессия вам подойдёт",kak-ponjat-kakaja-professija-vam-podojdjot,Новая профессия,novaja-professija,2026-06-01 18:20,,,,"Как понять, какая профессия вам подойдёт",да,журнал публикаций,из заголовка
avtogear62.ru,avtogear62.ru,134,Профориентация для взрослых: с чего начать,proforientacija-dlja-vzroslyh-s-chego-nachat,Новая профессия,novaja-professija,2026-06-03 13:49,,,,Профориентация для взрослых: с чего начать,да,журнал публикаций,из заголовка
avtogear62.ru,avtogear62.ru,135,Что такое профпереподготовка простыми словами,chto-takoe-profperepodgotovka-prostymi-slovami,Новая профессия,novaja-professija,2026-06-04 19:42,профессиональная переподготовка,https://ru.wikipedia.org/wiki/Профессиональная_переподготовка,,Что такое профпереподготовка простыми словами,да,журнал публикаций,из заголовка
avtogear62.ru,avtogear62.ru,136,Профпереподготовка: короткий путь к новой профессии,profperepodgotovka-korotkij-put-k-novoj-professii,Новая профессия,novaja-professija,2026-06-05 09:25,проф переподготовка,https://aso-cdo.ru/tyumen/professionalnaya-perepodgotovka/,да,Проф переподготовка: короткий путь к новой профессии,да,журнал публикаций,из заголовка
avtogear62.ru,avtogear62.ru,137,Поддержка занятости и переобучение населения,podderzhka-zanjatosti-i-pereobuchenie-naselenija,Новая профессия,novaja-professija,2026-06-06 10:09,Работа России,https://trudvsem.ru/,,Поддержка занятости и переобучение населения,да,журнал публикаций,из заголовка
avtogear62.ru,avtogear62.ru,138,Сколько зарабатывают после смены профессии,skolko-zarabatyvajut-posle-smeny-professii,Новая профессия,novaja-professija,2026-06-08 08:28,,,,Сколько зарабатывают после смены профессии,да,журнал публикаций,из заголовка
avtogear62.ru,avtogear62.ru,152,Аренда роботов для event-проектов в 2026,arenda-robotov-dlja-event-proektov-v-2026,Аренда роботов для event-проектов,arenda-robotov-dlja-event-proektov,2026-08-14 15:34,,,,Аренда роботов для event-проектов: что изменилось в 2026 году,да,журнал публикаций,из заголовка
avtogear62.ru,avtogear62.ru,154,Аренда роботов для event-проектов,arenda-robotov-dlja-event-proektov,Аренда роботов для event-проектов,arenda-robotov-dlja-event-proektov,2026-08-16 11:45,,,,"Аренда роботов для event-проектов: оборудование, софт и расходники",да,журнал публикаций,из заголовка
avtogear62.ru,avtogear62.ru,156,Аренда роботов на мероприятие без переплат,arenda-robotov-na-meroprijatie-bez-pereplat,Аренда роботов для event-проектов,arenda-robotov-dlja-event-proektov,2026-08-18 08:29,аренда роботов на мероприятие,https://divent.ru/uslugi/roboty/,да,Аренда роботов на мероприятие: как выбрать подрядчика и не переплатить,да,журнал публикаций,записан в реестре
avtogear62.ru,avtogear62.ru,158,Аренда роботов для event-проектов: кейсы,arenda-robotov-dlja-event-proektov-kejsy,Аренда роботов для event-проектов,arenda-robotov-dlja-event-proektov,2026-08-20 16:41,,,,Аренда роботов для event-проектов: разбор реальных кейсов,нет,журнал публикаций,из заголовка
avtogear62.ru,avtogear62.ru,160,Аренда роботов для event-проектов: площадка и безопасность,arenda-robotov-dlja-event-proektov-ploshhadka-i-bezopasnost,Аренда роботов для event-проектов,arenda-robotov-dlja-event-proektov,2026-08-22 18:37,,,,"Аренда роботов для event-проектов: площадка, электрика и безопасность",нет,журнал публикаций,из заголовка
avtogear62.ru,avtogear62.ru,162,Ошибки при аренде роботов для мероприятий,oshibki-pri-arende-robotov-dlja-meroprijatij,Аренда роботов для event-проектов,arenda-robotov-dlja-event-proektov,2026-08-24 20:26,,,,Аренда роботов для event-проектов: частые ошибки заказчиков,нет,журнал публикаций,из заголовка
drunk-fish.ru,drunk-fish.ru,128,Когда пора менять профессию: главные признаки,kogda-pora-menjat-professiju-glavnye-priznaki,Смена профессии,smena-professii,2026-05-22 14:11,,,,Когда пора менять профессию: главные признаки,да,журнал публикаций,из заголовка
drunk-fish.ru,drunk-fish.ru,129,Рынок труда и профессии будущего в России,rynok-truda-i-professii-budushhego-v-rossii,Смена профессии,smena-professii,2026-05-24 11:10,Росстат,https://rosstat.gov.ru/,,Рынок труда и востребованные профессии в России,да,журнал публикаций,из заголовка
drunk-fish.ru,drunk-fish.ru,130,Профессиональная переподготовка: путь к новой карьере,professionalnaja-perepodgotovka-put-k-novoj-karere,Смена профессии,smena-professii,2026-05-25 12:27,профессиональная переподготовка,https://aso-cdo.ru/tyumen/professionalnaya-perepodgotovka/,да,Профессиональная переподготовка: как сменить сферу деятельности,да,журнал публикаций,из заголовка
drunk-fish.ru,drunk-fish.ru,131,Мифы о переобучении взрослых,mify-o-pereobuchenii-vzroslyh,Смена профессии,smena-professii,2026-05-26 19:19,,,,Мифы о переобучении взрослых,да,журнал публикаций,из заголовка
drunk-fish.ru,drunk-fish.ru,132,Как проверить документ о переподготовке,kak-proverit-dokument-o-perepodgotovke,Смена профессии,smena-professii,2026-05-27 16:21,Рособрнадзор,https://obrnadzor.gov.ru/,,Как проверить документ о переподготовке,да,журнал публикаций,из заголовка
drunk-fish.ru,drunk-fish.ru,133,Истории успешной смены профессии,istorii-uspeshnoj-smeny-professii,Смена профессии,smena-professii,2026-05-29 10:44,,,,Истории успешной смены профессии,да,журнал публикаций,из заголовка
drunk-fish.ru,drunk-fish.ru,147,Свадебные фотозоны в Екатеринбурге: тренды 2026,svadebnye-fotozony-v-ekaterinburge-trendy-2026,Свадебные фотозоны в Екатеринбурге,svadebnye-fotozony-v-ekaterinburge,2026-06-06 19:35,,,,Свадебные фотозоны в Екатеринбурге: основные форматы и решения 2026 года,да,журнал публикаций,из заголовка
drunk-fish.ru,drunk-fish.ru,149,Свадебные фотозоны в Екатеринбурге,svadebnye-fotozony-v-ekaterinburge,Свадебные фотозоны в Екатеринбурге,svadebnye-fotozony-v-ekaterinburge,2026-06-08 16:16,,,,"Свадебные фотозоны в Екатеринбурге: технологии, материалы и оборудование",да,журнал публикаций,из заголовка
drunk-fish.ru,drunk-fish.ru,151,Как выбрать фотозону на свадьбу в Екатеринбурге,kak-vybrat-fotozonu-na-svadbu-v-ekaterinburge,Свадебные фотозоны в Екатеринбурге,svadebnye-fotozony-v-ekaterinburge,2026-06-10 10:13,фотозона на свадьбу в Екатеринбурге,https://divent.ru/ekb/uslugi/fotozony/,да,"Как выбрать фотозона на свадьбу в Екатеринбурге: критерии, сервис и бюджет",да,журнал публикаций,записан в реестре
drunk-fish.ru,drunk-fish.ru,153,Свадебные фотозоны в Екатеринбурге: идеи и кейсы,svadebnye-fotozony-v-ekaterinburge-idei-i-kejsy,Свадебные фотозоны в Екатеринбурге,svadebnye-fotozony-v-ekaterinburge,2026-06-11 17:54,,,,Свадебные фотозоны в Екатеринбурге: примеры удачных кейсов и нестандартные идеи,да,журнал публикаций,из заголовка
drunk-fish.ru,drunk-fish.ru,155,Свадебные фотозоны в Екатеринбурге: нормы и безопасность,svadebnye-fotozony-v-ekaterinburge-normy-i-bezopasnost,Свадебные фотозоны в Екатеринбурге,svadebnye-fotozony-v-ekaterinburge,2026-06-13 14:34,,,,"Свадебные фотозоны в Екатеринбурге: безопасность, монтаж и нормативы",да,журнал публикаций,из заголовка
drunk-fish.ru,drunk-fish.ru,157,Свадебные фотозоны в Екатеринбурге: ошибки и решения,svadebnye-fotozony-v-ekaterinburge-oshibki-i-reshenija,Свадебные фотозоны в Екатеринбурге,svadebnye-fotozony-v-ekaterinburge,2026-06-15 13:24,,,,Свадебные фотозоны в Екатеринбурге: ошибки заказчиков и как их избежать,да,журнал публикаций,из заголовка
elintel.ru,elintel.ru,137,Переподготовка по пожарной безопасности 256 часов: кому нужна,perepodgotovka-po-pozharnoj-bezopasnosti-256-chasov-komu-nuzhna,Охрана труда,ohrana-truda,2026-04-16 11:07,,,,Переподготовка по пожарной безопасности 256 часов: кому нужна и что включает,да,журнал публикаций,из заголовка
elintel.ru,elintel.ru,139,ТОП-5 нарушений пожарной безопасности на предприятиях,top-5-narushenij-pozharnoj-bezopasnosti-na-predprijatijah,Охрана труда,ohrana-truda,2026-04-18 20:35,,,,ТОП-5 нарушений пожарной безопасности на предприятиях,да,журнал публикаций,из заголовка
elintel.ru,elintel.ru,141,Требования к ответственному за пожарную безопасность,trebovanija-k-otvetstvennomu-za-pozharnuju-bezopasnost,Охрана труда,ohrana-truda,2026-04-20 17:46,,,,Требования к ответственному за пожарную безопасность,да,журнал публикаций,из заголовка
elintel.ru,elintel.ru,143,Аудит пожарной безопасности: пошаговая проверка объекта,audit-pozharnoj-bezopasnosti-poshagovaja-proverka-obekta,Охрана труда,ohrana-truda,2026-04-21 11:36,,,,Как провести аудит пожарной безопасности на объекте,да,журнал публикаций,из заголовка
elintel.ru,elintel.ru,145,Что изменилось в противопожарных нормах в 2026 году,chto-izmenilos-v-protivopozharnyh-normah-v-2026-godu,Охрана труда,ohrana-truda,2026-04-22 20:51,,,,Что изменилось в противопожарных нормах в 2026 году,да,журнал публикаций,из заголовка
elintel.ru,elintel.ru,147,Средства пожаротушения: виды и правила использования,sredstva-pozharotushenija-vidy-i-pravila-ispolzovanija,Охрана труда,ohrana-truda,2026-04-24 17:22,,,,Средства пожаротушения: виды и правила использования,да,журнал публикаций,из заголовка
elintel.ru,elintel.ru,155,,,Искусственный интеллект в event-фотографии,iskusstvennyj-intellekt-v-event-fotografii,2026-08-12 10:20,,,,Искусственный интеллект в event-фотографии: что изменилось в 2026 году,да,сгенерируется,утрачен
elintel.ru,elintel.ru,157,,,Искусственный интеллект в event-фотографии,iskusstvennyj-intellekt-v-event-fotografii,2026-08-13 19:11,,,,"Искусственный интеллект в event-фотографии: оборудование, софт и расходники",да,сгенерируется,утрачен
elintel.ru,elintel.ru,159,Фотобудка с ИИ в Москве: выбор без переплат,fotobudka-s-ii-v-moskve-vybor-bez-pereplat,Искусственный интеллект в event-фотографии,iskusstvennyj-intellekt-v-event-fotografii,2026-08-15 08:08,фотобудка с ИИ в Москве,https://divent.ru/uslugi/ii-fotobudka/,да,Фотобудка с ИИ в Москве: как выбрать подрядчика и не переплатить,да,восстановлен из слага,записан в реестре
elintel.ru,elintel.ru,161,,,Искусственный интеллект в event-фотографии,iskusstvennyj-intellekt-v-event-fotografii,2026-08-16 15:36,,,,Искусственный интеллект в event-фотографии: разбор реальных кейсов,да,сгенерируется,утрачен
elintel.ru,elintel.ru,163,,,Искусственный интеллект в event-фотографии,iskusstvennyj-intellekt-v-event-fotografii,2026-08-18 10:48,,,,"Искусственный интеллект в event-фотографии: площадка, электрика и безопасность",да,сгенерируется,утрачен
elintel.ru,elintel.ru,165,,,Искусственный интеллект в event-фотографии,iskusstvennyj-intellekt-v-event-fotografii,2026-08-21 16:17,,,,Искусственный интеллект в event-фотографии: частые ошибки заказчиков,нет,сгенерируется,утрачен
kakudobrit.ru,kakudobrit.ru,105,Второе высшее или переподготовка: что выбрать,vtoroe-vysshee-ili-perepodgotovka-chto-vybrat,Дополнительное образование,dopolnitelnoe-obrazovanie,2026-05-25 18:54,,,,Второе высшее или переподготовка: что выбрать,да,журнал публикаций,из заголовка
kakudobrit.ru,kakudobrit.ru,106,Переподготовка в Тюмени: новые карьерные возможности,perepodgotovka-v-tjumeni-novye-karernye-vozmozhnosti,Дополнительное образование,dopolnitelnoe-obrazovanie,2026-05-26 15:13,переподготовка на базе высшего образования в Тюмени,https://aso-cdo.ru/tyumen/professionalnaya-perepodgotovka/,да,Переподготовка на базе высшего образования в Тюмени,да,журнал публикаций,из заголовка
kakudobrit.ru,kakudobrit.ru,107,Уровни профессионального образования в России,urovni-professionalnogo-obrazovanija-v-rossii,Дополнительное образование,dopolnitelnoe-obrazovanie,2026-05-28 11:25,Закон об образовании,https://www.consultant.ru/document/cons_doc_LAW_140174/,,Уровни профессионального образования в России,да,журнал публикаций,из заголовка
kakudobrit.ru,kakudobrit.ru,108,Кому подходит переподготовка на базе диплома вуза,komu-podhodit-perepodgotovka-na-baze-diploma-vuza,Дополнительное образование,dopolnitelnoe-obrazovanie,2026-05-29 15:38,,,,Кому подходит переподготовка на базе диплома вуза,да,журнал публикаций,из заголовка
kakudobrit.ru,kakudobrit.ru,109,Как государство контролирует качество образования,kak-gosudarstvo-kontroliruet-kachestvo-obrazovanija,Дополнительное образование,dopolnitelnoe-obrazovanie,2026-05-31 21:55,Рособрнадзор,https://obrnadzor.gov.ru/,,Как государство контролирует качество образования,да,журнал публикаций,из заголовка
kakudobrit.ru,kakudobrit.ru,110,Как переподготовка помогает в карьере,kak-perepodgotovka-pomogaet-v-karere,Дополнительное образование,dopolnitelnoe-obrazovanie,2026-06-01 17:39,,,,Как переподготовка помогает в карьере,да,журнал публикаций,из заголовка
kakudobrit.ru,kakudobrit.ru,124,Свадьбы в Екатеринбурге: фотозоны и декор 2026,svadby-v-ekaterinburge-fotozony-i-dekor-2026,Свадьбы в Екатеринбурге: фотозоны и декор,svadby-v-ekaterinburge-fotozony-i-dekor,2026-06-06 19:13,,,,Свадьбы в Екатеринбурге: фотозоны и декор: основные форматы и решения 2026 года,да,журнал публикаций,из заголовка
kakudobrit.ru,kakudobrit.ru,126,Свадьбы в Екатеринбурге: фотозоны и декор,svadby-v-ekaterinburge-fotozony-i-dekor,Свадьбы в Екатеринбурге: фотозоны и декор,svadby-v-ekaterinburge-fotozony-i-dekor,2026-06-08 19:49,,,,"Свадьбы в Екатеринбурге: фотозоны и декор: технологии, материалы и оборудование",да,журнал публикаций,из заголовка
kakudobrit.ru,kakudobrit.ru,128,Как выбрать фотозону на свадьбу в Екатеринбурге,kak-vybrat-fotozonu-na-svadbu-v-ekaterinburge,Свадьбы в Екатеринбурге: фотозоны и декор,svadby-v-ekaterinburge-fotozony-i-dekor,2026-06-09 18:40,фотозона на свадьбу в Екатеринбурге,https://divent.ru/ekb/uslugi/fotozony/,да,"Как выбрать фотозона на свадьбу в Екатеринбурге: критерии, сервис и бюджет",да,журнал публикаций,записан в реестре
kakudobrit.ru,kakudobrit.ru,130,Свадьбы в Екатеринбурге: фотозоны и декор,svadby-v-ekaterinburge-fotozony-i-dekor-2,Свадьбы в Екатеринбурге: фотозоны и декор,svadby-v-ekaterinburge-fotozony-i-dekor,2026-06-11 17:11,,,,Свадьбы в Екатеринбурге: фотозоны и декор: примеры удачных кейсов и нестандартные идеи,да,журнал публикаций,"из заголовка, суффикс WordPress"
kakudobrit.ru,kakudobrit.ru,132,Свадьбы в Екатеринбурге: фотозоны и декор,svadby-v-ekaterinburge-fotozony-i-dekor-3,Свадьбы в Екатеринбурге: фотозоны и декор,svadby-v-ekaterinburge-fotozony-i-dekor,2026-06-13 08:10,,,,"Свадьбы в Екатеринбурге: фотозоны и декор: безопасность, монтаж и нормативы",да,журнал публикаций,"из заголовка, суффикс WordPress"
kakudobrit.ru,kakudobrit.ru,134,Свадьбы в Екатеринбурге: фотозоны и декор,svadby-v-ekaterinburge-fotozony-i-dekor-4,Свадьбы в Екатеринбурге: фотозоны и декор,svadby-v-ekaterinburge-fotozony-i-dekor,2026-06-14 09:42,,,,Свадьбы в Екатеринбурге: фотозоны и декор: ошибки заказчиков и как их избежать,да,журнал публикаций,"из заголовка, суффикс WordPress"
kgdink.ru,kgdink.ru,102,Один день из жизни водителя погрузчика,odin-den-iz-zhizni-voditelja-pogruzchika,Профессия водитель погрузчика,professija-voditel-pogruzchika,2026-05-11 10:55,,,,Один день из жизни водителя погрузчика,да,журнал публикаций,записан в реестре
kgdink.ru,kgdink.ru,103,Какие бывают погрузчики: электрические и дизельные,kakie-byvajut-pogruzchiki-jelektricheskie-i-dizelnye,Профессия водитель погрузчика,professija-voditel-pogruzchika,2026-05-12 13:38,,,,Какие бывают погрузчики: электрические и дизельные,да,журнал публикаций,записан в реестре
kgdink.ru,kgdink.ru,104,Устройство и принцип работы погрузчика,ustrojstvo-i-princip-raboty-pogruzchika,Профессия водитель погрузчика,professija-voditel-pogruzchika,2026-05-14 21:05,погрузчик,https://ru.wikipedia.org/wiki/Погрузчик,,Устройство и принцип работы погрузчика,да,журнал публикаций,записан в реестре
kgdink.ru,kgdink.ru,105,Обучение на водителя погрузчика в Москве,obuchenie-na-voditelja-pogruzchika-v-moskve,Профессия водитель погрузчика,professija-voditel-pogruzchika,2026-05-16 17:18,обучение на водителя погрузчика в москве,https://aso-cdo.ru/moskva/rabochie-professii/voditel-pogruzchika/,да,Обучение на водителя погрузчика в Москве: цены и сроки,да,журнал публикаций,записан в реестре
kgdink.ru,kgdink.ru,106,Правила безопасной эксплуатации погрузчиков,pravila-bezopasnoj-jekspluatacii-pogruzchikov,Профессия водитель погрузчика,professija-voditel-pogruzchika,2026-05-17 12:06,Ростехнадзор,https://www.gosnadzor.ru/,,Правила безопасной эксплуатации погрузчиков,да,журнал публикаций,записан в реестре
kgdink.ru,kgdink.ru,107,Что проверяют на экзамене у водителя погрузчика,chto-proverjajut-na-jekzamene-u-voditelja-pogruzchika,Профессия водитель погрузчика,professija-voditel-pogruzchika,2026-05-19 16:26,,,,Что проверяют на экзамене у будущего водителя погрузчика,да,журнал публикаций,из заголовка
kgdink.ru,kgdink.ru,121,Фотозоны в Екатеринбурге: форматы и идеи 2026,fotozony-v-ekaterinburge-formaty-i-idei-2026,Фотозоны в Екатеринбурге: подбор по случаю,fotozony-v-ekaterinburge-podbor-po-sluchaju,2026-06-01 20:14,,,,Фотозоны в Екатеринбурге: подбор по случаю: основные форматы и решения 2026 года,да,журнал публикаций,из заголовка
kgdink.ru,kgdink.ru,123,Фотозоны в Екатеринбурге: выбор по случаю,fotozony-v-ekaterinburge-vybor-po-sluchaju,Фотозоны в Екатеринбурге: подбор по случаю,fotozony-v-ekaterinburge-podbor-po-sluchaju,2026-06-02 17:20,,,,"Фотозоны в Екатеринбурге: подбор по случаю: технологии, материалы и оборудование",да,журнал публикаций,из заголовка
kgdink.ru,kgdink.ru,125,Как выбрать фотозону в Екб без переплат,kak-vybrat-fotozonu-v-ekb-bez-pereplat,Фотозоны в Екатеринбурге: подбор по случаю,fotozony-v-ekaterinburge-podbor-po-sluchaju,2026-06-04 20:43,фотозона Екб,https://divent.ru/ekb/uslugi/fotozony/,да,"Как выбрать фотозона Екб: критерии, сервис и бюджет",да,журнал публикаций,записан в реестре
kgdink.ru,kgdink.ru,127,Фотозоны в Екатеринбурге: идеи и кейсы,fotozony-v-ekaterinburge-idei-i-kejsy,Фотозоны в Екатеринбурге: подбор по случаю,fotozony-v-ekaterinburge-podbor-po-sluchaju,2026-06-05 19:08,,,,Фотозоны в Екатеринбурге: подбор по случаю: примеры удачных кейсов и нестандартные идеи,да,журнал публикаций,из заголовка
kgdink.ru,kgdink.ru,129,Фотозоны в Екатеринбурге: безопасность и монтаж,fotozony-v-ekaterinburge-bezopasnost-i-montazh,Фотозоны в Екатеринбурге: подбор по случаю,fotozony-v-ekaterinburge-podbor-po-sluchaju,2026-06-07 10:25,,,,"Фотозоны в Екатеринбурге: подбор по случаю: безопасность, монтаж и нормативы",да,журнал публикаций,из заголовка
kgdink.ru,kgdink.ru,131,Фотозоны в Екатеринбурге: как выбрать без ошибок,fotozony-v-ekaterinburge-kak-vybrat-bez-oshibok,Фотозоны в Екатеринбурге: подбор по случаю,fotozony-v-ekaterinburge-podbor-po-sluchaju,2026-06-09 17:36,,,,Фотозоны в Екатеринбурге: подбор по случаю: ошибки заказчиков и как их избежать,да,журнал публикаций,из заголовка
ledpnz.ru,ledpnz.ru,120,Как выбрать профкурсы и не переплатить,kak-vybrat-profkursy-i-ne-pereplatit,Профессиональные курсы,professionalnye-kursy,2026-05-29 21:37,,,,Как выбрать профессиональные курсы и не потратить деньги зря,да,журнал публикаций,из заголовка
ledpnz.ru,ledpnz.ru,121,Курсы переподготовки: с чего начать обучение,kursy-perepodgotovki-s-chego-nachat-obuchenie,Профессиональные курсы,professionalnye-kursy,2026-05-31 19:13,курсы переподготовки,https://aso-cdo.ru/tyumen/professionalnaya-perepodgotovka/,да,Курсы переподготовки: с чего начать обучение,да,журнал публикаций,из заголовка
ledpnz.ru,ledpnz.ru,122,Дополнительное профессиональное образование простыми словами,dopolnitelnoe-professionalnoe-obrazovanie-prostymi-slovami,Профессиональные курсы,professionalnye-kursy,2026-06-02 20:33,профессиональная переподготовка,https://ru.wikipedia.org/wiki/Профессиональная_переподготовка,,Дополнительное профессиональное образование простыми словами,да,журнал публикаций,из заголовка
ledpnz.ru,ledpnz.ru,123,Сколько стоят курсы переподготовки,skolko-stojat-kursy-perepodgotovki,Профессиональные курсы,professionalnye-kursy,2026-06-04 19:28,,,,Сколько стоят курсы переподготовки,да,журнал публикаций,из заголовка
ledpnz.ru,ledpnz.ru,124,Как проверить учебный центр перед оплатой,kak-proverit-uchebnyj-centr-pered-oplatoj,Профессиональные курсы,professionalnye-kursy,2026-06-05 13:11,Рособрнадзор,https://obrnadzor.gov.ru/,,Как проверить учебный центр перед оплатой,да,журнал публикаций,из заголовка
ledpnz.ru,ledpnz.ru,125,Что делать после завершения курсов,chto-delat-posle-zavershenija-kursov,Профессиональные курсы,professionalnye-kursy,2026-06-06 12:35,,,,Что делать после завершения курсов,да,журнал публикаций,из заголовка
ledpnz.ru,ledpnz.ru,139,Неоновые фотозоны и LED-room в 2026 году,neonovye-fotozony-i-led-room-v-2026-godu,Неоновые фотозоны и LED-room,neonovye-fotozony-i-led-room,2026-08-12 15:11,,,,Неоновые фотозоны и LED-room: что изменилось в 2026 году,да,журнал публикаций,из заголовка
ledpnz.ru,ledpnz.ru,141,Неоновые фотозоны и LED-room: что нужно,neonovye-fotozony-i-led-room-chto-nuzhno,Неоновые фотозоны и LED-room,neonovye-fotozony-i-led-room,2026-08-15 18:39,,,,"Неоновые фотозоны и LED-room: оборудование, софт и расходники",да,журнал публикаций,из заголовка
ledpnz.ru,ledpnz.ru,143,Неоновый тоннель фотозона: выбор без переплат,neonovyj-tonnel-fotozona-vybor-bez-pereplat,Неоновые фотозоны и LED-room,neonovye-fotozony-i-led-room,2026-08-16 18:45,неоновый тоннель фотозона,https://divent.ru/uslugi/neonovaya-fotozona-led-room/,да,Неоновый тоннель фотозона: как выбрать подрядчика и не переплатить,да,журнал публикаций,записан в реестре
ledpnz.ru,ledpnz.ru,145,Неоновые фотозоны и LED-room: реальные кейсы,neonovye-fotozony-i-led-room-realnye-kejsy,Неоновые фотозоны и LED-room,neonovye-fotozony-i-led-room,2026-08-17 20:28,,,,Неоновые фотозоны и LED-room: разбор реальных кейсов,да,журнал публикаций,из заголовка
ledpnz.ru,ledpnz.ru,147,Неоновые фотозоны и LED-room: безопасность,neonovye-fotozony-i-led-room-bezopasnost,Неоновые фотозоны и LED-room,neonovye-fotozony-i-led-room,2026-08-19 09:48,,,,"Неоновые фотозоны и LED-room: площадка, электрика и безопасность",нет,журнал публикаций,из заголовка
ledpnz.ru,ledpnz.ru,149,Неоновые фотозоны и LED-room: ошибки заказчиков,neonovye-fotozony-i-led-room-oshibki-zakazchikov,Неоновые фотозоны и LED-room,neonovye-fotozony-i-led-room,2026-08-21 11:17,,,,Неоновые фотозоны и LED-room: частые ошибки заказчиков,нет,журнал публикаций,из заголовка
mai-hoshi.ru,mai-hoshi.ru,128,Где получить новую профессию в Тюмени,gde-poluchit-novuju-professiju-v-tjumeni,Образование в Тюмени,obrazovanie-v-tjumeni,2026-05-20 19:07,,,,Где получить новую профессию в Тюмени,да,журнал публикаций,из заголовка
mai-hoshi.ru,mai-hoshi.ru,129,Профпереподготовка в Тюмени: где учиться,profperepodgotovka-v-tjumeni-gde-uchitsja,Образование в Тюмени,obrazovanie-v-tjumeni,2026-05-21 15:34,профпереподготовка в Тюмени,https://aso-cdo.ru/tyumen/professionalnaya-perepodgotovka/,да,Профпереподготовка в Тюмени: куда пойти учиться,да,журнал публикаций,из заголовка
mai-hoshi.ru,mai-hoshi.ru,130,Что такое профессиональная переподготовка,chto-takoe-professionalnaja-perepodgotovka,Образование в Тюмени,obrazovanie-v-tjumeni,2026-05-23 18:07,профессиональная переподготовка,https://ru.wikipedia.org/wiki/Профессиональная_переподготовка,,Что такое профессиональная переподготовка,да,журнал публикаций,из заголовка
mai-hoshi.ru,mai-hoshi.ru,131,Сколько длится переподготовка и от чего это зависит,skolko-dlitsja-perepodgotovka-i-ot-chego-jeto-zavisit,Образование в Тюмени,obrazovanie-v-tjumeni,2026-05-25 11:48,,,,Сколько длится переподготовка и от чего это зависит,да,журнал публикаций,из заголовка
mai-hoshi.ru,mai-hoshi.ru,132,Дополнительное профессиональное образование в законе,dopolnitelnoe-professionalnoe-obrazovanie-v-zakone,Образование в Тюмени,obrazovanie-v-tjumeni,2026-05-26 13:44,Закон об образовании,https://www.consultant.ru/document/cons_doc_LAW_140174/,,Дополнительное профессиональное образование в законе,да,журнал публикаций,из заголовка
mai-hoshi.ru,mai-hoshi.ru,133,Как выбрать программу переподготовки в Тюмени,kak-vybrat-programmu-perepodgotovki-v-tjumeni,Образование в Тюмени,obrazovanie-v-tjumeni,2026-05-27 20:32,,,,Как выбрать программу переподготовки в Тюмени,да,журнал публикаций,из заголовка
mai-hoshi.ru,mai-hoshi.ru,147,,,LED-фотозоны: технические характеристики,led-fotozony-tehnicheskie-harakteristiki,2026-06-06 15:40,,,,LED-фотозоны: технические характеристики: основные форматы и решения 2026 года,да,сгенерируется,утрачен
mai-hoshi.ru,mai-hoshi.ru,149,,,LED-фотозоны: технические характеристики,led-fotozony-tehnicheskie-harakteristiki,2026-06-07 21:22,,,,"LED-фотозоны: технические характеристики: технологии, материалы и оборудование",да,сгенерируется,утрачен
mai-hoshi.ru,mai-hoshi.ru,151,Как выбрать LED-фотозону для аренды,kak-vybrat-led-fotozonu-dlja-arendy,LED-фотозоны: технические характеристики,led-fotozony-tehnicheskie-harakteristiki,2026-06-09 14:07,led фотозона аренда,https://divent.ru/uslugi/svetodiodnaya-uglovaya-led-fotozona/,да,"Как выбрать led фотозона аренда: критерии, сервис и бюджет",да,восстановлен из слага,записан в реестре
mai-hoshi.ru,mai-hoshi.ru,153,,,LED-фотозоны: технические характеристики,led-fotozony-tehnicheskie-harakteristiki,2026-06-11 18:53,,,,LED-фотозоны: технические характеристики: примеры удачных кейсов и нестандартные идеи,да,сгенерируется,утрачен
mai-hoshi.ru,mai-hoshi.ru,155,,,LED-фотозоны: технические характеристики,led-fotozony-tehnicheskie-harakteristiki,2026-06-12 18:39,,,,"LED-фотозоны: технические характеристики: безопасность, монтаж и нормативы",да,сгенерируется,утрачен
mai-hoshi.ru,mai-hoshi.ru,157,,,LED-фотозоны: технические характеристики,led-fotozony-tehnicheskie-harakteristiki,2026-06-13 18:24,,,,LED-фотозоны: технические характеристики: ошибки заказчиков и как их избежать,да,сгенерируется,утрачен
omegabay.ru,omegabay.ru,106,Кто управляет складской спецтехникой,kto-upravljaet-skladskoj-spectehnikoj,Спецтехника и её операторы,spectehnika-i-ejo-operatory,2026-05-16 09:09,,,,Кто управляет складской спецтехникой,да,журнал публикаций,записан в реестре
omegabay.ru,omegabay.ru,107,Обучение на погрузчик в Москве: цена и факторы,obuchenie-na-pogruzchik-v-moskve-cena-i-faktory,Спецтехника и её операторы,spectehnika-i-ejo-operatory,2026-05-18 12:14,обучение на погрузчик в москве цена,https://aso-cdo.ru/moskva/rabochie-professii/voditel-pogruzchika/,да,Обучение на погрузчик в Москве: из чего складывается цена,да,журнал публикаций,записан в реестре
omegabay.ru,omegabay.ru,108,Виды складской и подъёмной техники,vidy-skladskoj-i-podjomnoj-tehniki,Спецтехника и её операторы,spectehnika-i-ejo-operatory,2026-05-19 16:23,погрузчик,https://ru.wikipedia.org/wiki/Погрузчик,,Виды складской и подъёмной техники,да,журнал публикаций,из заголовка
omegabay.ru,omegabay.ru,109,Как выбрать формат обучения: очно или онлайн,kak-vybrat-format-obuchenija-ochno-ili-onlajn,Спецтехника и её операторы,spectehnika-i-ejo-operatory,2026-05-20 17:16,,,,Как выбрать формат обучения: очно или онлайн,да,журнал публикаций,из заголовка
omegabay.ru,omegabay.ru,110,Профстандарты операторов спецтехники,profstandarty-operatorov-spectehniki,Спецтехника и её операторы,spectehnika-i-ejo-operatory,2026-05-21 13:41,профстандарты,https://profstandart.rosmintrud.ru/,,Профессиональные стандарты операторов спецтехники,да,журнал публикаций,из заголовка
omegabay.ru,omegabay.ru,111,Что нужно знать новичку перед обучением,chto-nuzhno-znat-novichku-pered-obucheniem,Спецтехника и её операторы,spectehnika-i-ejo-operatory,2026-05-23 21:05,,,,Что нужно знать новичку перед обучением,да,журнал публикаций,из заголовка
omegabay.ru,omegabay.ru,125,Аренда фотозон для событий в 2026 году,arenda-fotozon-dlja-sobytij-v-2026-godu,Аренда фотозон под событие любого масштаба,arenda-fotozon-pod-sobytie-ljubogo-masshtaba,2026-06-03 20:46,,,,Аренда фотозон под событие любого масштаба: основные форматы и решения 2026 года,да,журнал публикаций,из заголовка
omegabay.ru,omegabay.ru,127,Аренда фотозон для событий любого масштаба,arenda-fotozon-dlja-sobytij-ljubogo-masshtaba,Аренда фотозон под событие любого масштаба,arenda-fotozon-pod-sobytie-ljubogo-masshtaba,2026-06-04 09:54,,,,"Аренда фотозон под событие любого масштаба: технологии, материалы и оборудование",да,журнал публикаций,из заголовка
omegabay.ru,omegabay.ru,129,Как выбрать аренду фотозоны грамотно,kak-vybrat-arendu-fotozony-gramotno,Аренда фотозон под событие любого масштаба,arenda-fotozon-pod-sobytie-ljubogo-masshtaba,2026-06-06 16:46,аренда фотозоны,https://divent.ru/ekb/uslugi/fotozony/,да,"Как выбрать аренда фотозоны: критерии, сервис и бюджет",да,журнал публикаций,записан в реестре
omegabay.ru,omegabay.ru,131,Аренда фотозон для событий любого масштаба,arenda-fotozon-dlja-sobytij-ljubogo-masshtaba-2,Аренда фотозон под событие любого масштаба,arenda-fotozon-pod-sobytie-ljubogo-masshtaba,2026-06-07 19:17,,,,Аренда фотозон под событие любого масштаба: примеры удачных кейсов и нестандартные идеи,да,журнал публикаций,"из заголовка, суффикс WordPress"
omegabay.ru,omegabay.ru,133,"Аренда фотозон: безопасность, монтаж, нормы",arenda-fotozon-bezopasnost-montazh-normy,Аренда фотозон под событие любого масштаба,arenda-fotozon-pod-sobytie-ljubogo-masshtaba,2026-06-09 21:38,,,,"Аренда фотозон под событие любого масштаба: безопасность, монтаж и нормативы",да,журнал публикаций,из заголовка
omegabay.ru,omegabay.ru,135,Аренда фотозон без ошибок: гид для событий,arenda-fotozon-bez-oshibok-gid-dlja-sobytij,Аренда фотозон под событие любого масштаба,arenda-fotozon-pod-sobytie-ljubogo-masshtaba,2026-06-11 11:18,,,,Аренда фотозон под событие любого масштаба: ошибки заказчиков и как их избежать,да,журнал публикаций,из заголовка
prforce.ru,prforce.ru,141,Как выбрать курсы рабочей профессии без ошибок,kak-vybrat-kursy-rabochej-professii-bez-oshibok,Курсы рабочих профессий,kursy-rabochih-professij,2026-05-14 09:29,,,,Как выбрать курсы рабочей профессии и не ошибиться,да,журнал публикаций,записан в реестре
prforce.ru,prforce.ru,142,Как выбрать учебный центр без ошибок,kak-vybrat-uchebnyj-centr-bez-oshibok,Курсы рабочих профессий,kursy-rabochih-professij,2026-05-16 17:14,Рособрнадзор,https://obrnadzor.gov.ru/,,На что обратить внимание при выборе учебного центра,да,журнал публикаций,записан в реестре
prforce.ru,prforce.ru,143,Курсы водителя погрузчика в Москве: обзор программ,kursy-voditelja-pogruzchika-v-moskve-obzor-programm,Курсы рабочих профессий,kursy-rabochih-professij,2026-05-17 18:48,курсы водителя погрузчика в москве,https://aso-cdo.ru/moskva/rabochie-professii/voditel-pogruzchika/,да,Курсы водителя погрузчика в Москве: обзор программ,да,журнал публикаций,записан в реестре
prforce.ru,prforce.ru,144,Что входит в программу курса водителя погрузчика,chto-vhodit-v-programmu-kursa-voditelja-pogruzchika,Курсы рабочих профессий,kursy-rabochih-professij,2026-05-18 14:18,,,,Что входит в программу курса водителя погрузчика,да,журнал публикаций,записан в реестре
prforce.ru,prforce.ru,145,Категории и удостоверения для спецтехники,kategorii-i-udostoverenija-dlja-spectehniki,Курсы рабочих профессий,kursy-rabochih-professij,2026-05-20 11:17,Ростехнадзор,https://www.gosnadzor.ru/,,Категории и удостоверения для управления спецтехникой,да,журнал публикаций,из заголовка
prforce.ru,prforce.ru,146,Трудоустройство после курсов: реально ли?,trudoustrojstvo-posle-kursov-realno-li,Курсы рабочих профессий,kursy-rabochih-professij,2026-05-21 15:19,,,,Трудоустройство после курсов: насколько это реально,да,журнал публикаций,из заголовка
prforce.ru,prforce.ru,160,Фотозоны в сценарии мероприятия: тренды 2026,fotozony-v-scenarii-meroprijatija-trendy-2026,Фотозоны как часть сценария мероприятия,fotozony-kak-chast-scenarija-meroprijatija,2026-06-02 12:08,,,,Фотозоны как часть сценария мероприятия: основные форматы и решения 2026 года,да,журнал публикаций,из заголовка
prforce.ru,prforce.ru,162,Фотозоны в сценарии мероприятия,fotozony-v-scenarii-meroprijatija,Фотозоны как часть сценария мероприятия,fotozony-kak-chast-scenarija-meroprijatija,2026-06-03 11:12,,,,"Фотозоны как часть сценария мероприятия: технологии, материалы и оборудование",да,журнал публикаций,из заголовка
prforce.ru,prforce.ru,164,Как выбрать фотозону на мероприятие,kak-vybrat-fotozonu-na-meroprijatie,Фотозоны как часть сценария мероприятия,fotozony-kak-chast-scenarija-meroprijatija,2026-06-04 11:25,фотозона на мероприятие,https://divent.ru/ekb/uslugi/fotozony/,да,"Как выбрать фотозона на мероприятие: критерии, сервис и бюджет",да,журнал публикаций,записан в реестре
prforce.ru,prforce.ru,166,Фотозоны в сценарии мероприятия,fotozony-v-scenarii-meroprijatija-2,Фотозоны как часть сценария мероприятия,fotozony-kak-chast-scenarija-meroprijatija,2026-06-06 19:30,,,,Фотозоны как часть сценария мероприятия: примеры удачных кейсов и нестандартные идеи,да,журнал публикаций,"из заголовка, суффикс WordPress"
prforce.ru,prforce.ru,168,Фотозоны в сценарии мероприятия,fotozony-v-scenarii-meroprijatija-3,Фотозоны как часть сценария мероприятия,fotozony-kak-chast-scenarija-meroprijatija,2026-06-08 21:33,,,,"Фотозоны как часть сценария мероприятия: безопасность, монтаж и нормативы",да,журнал публикаций,"из заголовка, суффикс WordPress"
prforce.ru,prforce.ru,170,Фотозоны в сценарии: ошибки и решения,fotozony-v-scenarii-oshibki-i-reshenija,Фотозоны как часть сценария мероприятия,fotozony-kak-chast-scenarija-meroprijatija,2026-06-10 16:14,,,,Фотозоны как часть сценария мероприятия: ошибки заказчиков и как их избежать,да,журнал публикаций,из заголовка
pro-covers.ru,pro-covers.ru,122,Медицинский регистратор: обучение и старт карьеры,medicinskij-registrator-obuchenie-i-start-karery,Медицина и здравоохранение,medicina-i-zdravoohranenie,2026-04-17 08:25,,,,Медицинский регистратор: как пройти обучение и начать карьеру,да,журнал публикаций,из заголовка
pro-covers.ru,pro-covers.ru,124,ТОП-5 медицинских профессий без высшего образования,top-5-medicinskih-professij-bez-vysshego-obrazovanija,Медицина и здравоохранение,medicina-i-zdravoohranenie,2026-04-18 19:28,,,,ТОП-5 медицинских профессий без высшего образования,да,журнал публикаций,из заголовка
pro-covers.ru,pro-covers.ru,126,Как устроена работа регистратуры в поликлинике,kak-ustroena-rabota-registratury-v-poliklinike,Медицина и здравоохранение,medicina-i-zdravoohranenie,2026-04-20 16:18,,,,Как устроена работа регистратуры в поликлинике,да,журнал публикаций,из заголовка
pro-covers.ru,pro-covers.ru,128,Цифровизация здравоохранения: карты и МИС,cifrovizacija-zdravoohranenija-karty-i-mis,Медицина и здравоохранение,medicina-i-zdravoohranenie,2026-04-22 08:39,,,,Цифровизация здравоохранения: электронные карты и МИС,да,журнал публикаций,из заголовка
pro-covers.ru,pro-covers.ru,130,Обязанности медицинского регистратора: полный обзор,objazannosti-medicinskogo-registratora-polnyj-obzor,Медицина и здравоохранение,medicina-i-zdravoohranenie,2026-04-23 19:32,,,,Обязанности медицинского регистратора: полный обзор,да,журнал публикаций,из заголовка
pro-covers.ru,pro-covers.ru,132,Работа в поликлинике без медобразования: как устроиться,rabota-v-poliklinike-bez-medobrazovanija-kak-ustroitsja,Медицина и здравоохранение,medicina-i-zdravoohranenie,2026-04-25 16:50,,,,Как устроиться на работу в поликлинику без медицинского образования,да,журнал публикаций,из заголовка
pro-covers.ru,pro-covers.ru,140,,,Светодиодные фотозоны,svetodiodnye-fotozony,2026-08-12 19:09,,,,Светодиодные фотозоны: что изменилось в 2026 году,да,сгенерируется,утрачен
pro-covers.ru,pro-covers.ru,142,,,Светодиодные фотозоны,svetodiodnye-fotozony,2026-08-14 10:19,,,,"Светодиодные фотозоны: оборудование, софт и расходники",да,сгенерируется,утрачен
pro-covers.ru,pro-covers.ru,144,LED-фотозона: как выбрать подрядчика,led-fotozona-kak-vybrat-podrjadchika,Светодиодные фотозоны,svetodiodnye-fotozony,2026-08-16 15:40,led фотозона,https://divent.ru/ekb/uslugi/svetodiodnaya-uglovaya-led-fotozona/,да,Led фотозона: как выбрать подрядчика и не переплатить,да,восстановлен из слага,записан в реестре
pro-covers.ru,pro-covers.ru,146,,,Светодиодные фотозоны,svetodiodnye-fotozony,2026-08-18 18:44,,,,Светодиодные фотозоны: разбор реальных кейсов,да,сгенерируется,утрачен
pro-covers.ru,pro-covers.ru,148,,,Светодиодные фотозоны,svetodiodnye-fotozony,2026-08-20 17:09,,,,"Светодиодные фотозоны: площадка, электрика и безопасность",нет,сгенерируется,утрачен
pro-covers.ru,pro-covers.ru,150,,,Светодиодные фотозоны,svetodiodnye-fotozony,2026-08-22 12:18,,,,Светодиодные фотозоны: частые ошибки заказчиков,нет,сгенерируется,утрачен
promplo.ru,promplo.ru,136,Возможности дополнительного образования в Тюмени,vozmozhnosti-dopolnitelnogo-obrazovanija-v-tjumeni,Учёба в Тюмени,uchjoba-v-tjumeni,2026-05-31 17:48,,,,Возможности дополнительного образования в Тюмени,да,журнал публикаций,из заголовка
promplo.ru,promplo.ru,137,Рынок труда Тюменской области: обзор,rynok-truda-tjumenskoj-oblasti-obzor,Учёба в Тюмени,uchjoba-v-tjumeni,2026-06-01 19:22,Росстат,https://rosstat.gov.ru/,,Рынок труда Тюменской области: обзор,да,журнал публикаций,из заголовка
promplo.ru,promplo.ru,138,Курсы переподготовки в Тюмени: как выбрать,kursy-perepodgotovki-v-tjumeni-kak-vybrat,Учёба в Тюмени,uchjoba-v-tjumeni,2026-06-02 08:36,курсы переподготовки в Тюмени,https://aso-cdo.ru/tyumen/professionalnaya-perepodgotovka/,да,Курсы переподготовки в Тюмени: обзор вариантов,да,журнал публикаций,из заголовка
promplo.ru,promplo.ru,139,Какие профессии можно освоить в Тюмени быстро,kakie-professii-mozhno-osvoit-v-tjumeni-bystro,Учёба в Тюмени,uchjoba-v-tjumeni,2026-06-03 18:31,,,,Какие профессии можно освоить в Тюмени за пару месяцев,да,журнал публикаций,из заголовка
promplo.ru,promplo.ru,140,Где искать работу в Тюмени после учёбы,gde-iskat-rabotu-v-tjumeni-posle-uchjoby,Учёба в Тюмени,uchjoba-v-tjumeni,2026-06-05 10:26,Работа России,https://trudvsem.ru/,,Где искать работу в Тюмени после учёбы,да,журнал публикаций,из заголовка
promplo.ru,promplo.ru,141,Как совместить курсы с основной работой,kak-sovmestit-kursy-s-osnovnoj-rabotoj,Учёба в Тюмени,uchjoba-v-tjumeni,2026-06-07 13:33,,,,Как совместить курсы с основной работой,да,журнал публикаций,из заголовка
promplo.ru,promplo.ru,155,Фотобудки с нейросетями в 2026 году,fotobudki-s-nejrosetjami-v-2026-godu,Фотобудки с нейросетями,fotobudki-s-nejrosetjami,2026-08-13 11:22,,,,Фотобудки с нейросетями: что изменилось в 2026 году,да,журнал публикаций,из заголовка
promplo.ru,promplo.ru,157,Фотобудки с нейросетями: техника и софт,fotobudki-s-nejrosetjami-tehnika-i-soft,Фотобудки с нейросетями,fotobudki-s-nejrosetjami,2026-08-14 20:27,,,,"Фотобудки с нейросетями: оборудование, софт и расходники",да,журнал публикаций,из заголовка
promplo.ru,promplo.ru,159,Фотобудка с нейросетью: как выбрать без переплат,fotobudka-s-nejrosetju-kak-vybrat-bez-pereplat,Фотобудки с нейросетями,fotobudki-s-nejrosetjami,2026-08-17 16:49,фотобудка с нейросетью в Москве,https://divent.ru/uslugi/ii-fotobudka/,да,Фотобудка с нейросетью в Москве: как выбрать подрядчика и не переплатить,да,журнал публикаций,записан в реестре
promplo.ru,promplo.ru,161,Фотобудки с нейросетями: реальные кейсы,fotobudki-s-nejrosetjami-realnye-kejsy,Фотобудки с нейросетями,fotobudki-s-nejrosetjami,2026-08-19 16:37,,,,Фотобудки с нейросетями: разбор реальных кейсов,нет,журнал публикаций,из заголовка
promplo.ru,promplo.ru,163,Фотобудки с нейросетями: площадка и безопасность,fotobudki-s-nejrosetjami-ploshhadka-i-bezopasnost,Фотобудки с нейросетями,fotobudki-s-nejrosetjami,2026-08-21 17:53,,,,"Фотобудки с нейросетями: площадка, электрика и безопасность",нет,журнал публикаций,из заголовка
promplo.ru,promplo.ru,165,Фотобудки с нейросетями: ошибки заказчиков,fotobudki-s-nejrosetjami-oshibki-zakazchikov,Фотобудки с нейросетями,fotobudki-s-nejrosetjami,2026-08-22 10:30,,,,Фотобудки с нейросетями: частые ошибки заказчиков,нет,журнал публикаций,из заголовка
property-in-alanya.ru,property-in-alanya.ru,119,Рабочие профессии без опыта: с чего начать,rabochie-professii-bez-opyta-s-chego-nachat,Старт в рабочей профессии,start-v-rabochej-professii,2026-05-17 19:28,,,,Рабочие профессии без опыта: с чего начать,да,журнал публикаций,записан в реестре
property-in-alanya.ru,property-in-alanya.ru,120,Где искать первую работу по специальности,gde-iskat-pervuju-rabotu-po-specialnosti,Старт в рабочей профессии,start-v-rabochej-professii,2026-05-18 20:44,Работа России,https://trudvsem.ru/,,Где искать первую работу по рабочей специальности,да,журнал публикаций,записан в реестре
property-in-alanya.ru,property-in-alanya.ru,121,Как стать водителем погрузчика в Москве,kak-stat-voditelem-pogruzchika-v-moskve,Старт в рабочей профессии,start-v-rabochej-professii,2026-05-20 13:14,учиться на водителя погрузчика в москве,https://aso-cdo.ru/moskva/rabochie-professii/voditel-pogruzchika/,да,Учиться на водителя погрузчика в Москве: пошаговый путь,да,журнал публикаций,из заголовка
property-in-alanya.ru,property-in-alanya.ru,122,Какие навыки нужны водителю погрузчика,kakie-navyki-nuzhny-voditelju-pogruzchika,Старт в рабочей профессии,start-v-rabochej-professii,2026-05-22 11:31,,,,Какие навыки нужны водителю погрузчика,да,журнал публикаций,из заголовка
property-in-alanya.ru,property-in-alanya.ru,123,Безопасность труда операторов погрузчиков,bezopasnost-truda-operatorov-pogruzchikov,Старт в рабочей профессии,start-v-rabochej-professii,2026-05-23 09:05,охрана труда,https://ru.wikipedia.org/wiki/Охрана_труда,,Безопасность труда операторов погрузчиков,да,журнал публикаций,из заголовка
property-in-alanya.ru,property-in-alanya.ru,124,Перспективы карьерного роста на складе,perspektivy-karernogo-rosta-na-sklade,Старт в рабочей профессии,start-v-rabochej-professii,2026-05-25 15:40,,,,Перспективы карьерного роста на складе,да,журнал публикаций,из заголовка
property-in-alanya.ru,property-in-alanya.ru,138,Светодиодное оборудование на мероприятиях в 2026,svetodiodnoe-oborudovanie-na-meroprijatijah-v-2026,Светодиодное оборудование на мероприятиях,svetodiodnoe-oborudovanie-na-meroprijatijah,2026-06-04 08:49,,,,Светодиодное оборудование на мероприятиях: основные форматы и решения 2026 года,да,журнал публикаций,из заголовка
property-in-alanya.ru,property-in-alanya.ru,140,Светодиодное оборудование на мероприятиях,svetodiodnoe-oborudovanie-na-meroprijatijah,Светодиодное оборудование на мероприятиях,svetodiodnoe-oborudovanie-na-meroprijatijah,2026-06-05 19:17,,,,"Светодиодное оборудование на мероприятиях: технологии, материалы и оборудование",да,журнал публикаций,из заголовка
property-in-alanya.ru,property-in-alanya.ru,142,Как выбрать LED фотозону: сервис и бюджет,kak-vybrat-led-fotozonu-servis-i-bjudzhet,Светодиодное оборудование на мероприятиях,svetodiodnoe-oborudovanie-na-meroprijatijah,2026-06-07 15:11,led фотозона,https://divent.ru/uslugi/svetodiodnaya-uglovaya-led-fotozona/,да,"Как выбрать led фотозона: критерии, сервис и бюджет",да,журнал публикаций,записан в реестре
property-in-alanya.ru,property-in-alanya.ru,144,Светодиодное оборудование на мероприятиях,svetodiodnoe-oborudovanie-na-meroprijatijah-2,Светодиодное оборудование на мероприятиях,svetodiodnoe-oborudovanie-na-meroprijatijah,2026-06-08 08:14,,,,Светодиодное оборудование на мероприятиях: примеры удачных кейсов и нестандартные идеи,да,журнал публикаций,"из заголовка, суффикс WordPress"
property-in-alanya.ru,property-in-alanya.ru,146,Светодиодное оборудование на мероприятиях,svetodiodnoe-oborudovanie-na-meroprijatijah-3,Светодиодное оборудование на мероприятиях,svetodiodnoe-oborudovanie-na-meroprijatijah,2026-06-09 09:38,,,,"Светодиодное оборудование на мероприятиях: безопасность, монтаж и нормативы",да,журнал публикаций,"из заголовка, суффикс WordPress"
property-in-alanya.ru,property-in-alanya.ru,148,LED-оборудование на мероприятиях: частые ошибки,led-oborudovanie-na-meroprijatijah-chastye-oshibki,Светодиодное оборудование на мероприятиях,svetodiodnoe-oborudovanie-na-meroprijatijah,2026-06-11 12:28,,,,Светодиодное оборудование на мероприятиях: ошибки заказчиков и как их избежать,да,журнал публикаций,из заголовка
speciallabel.ru,speciallabel.ru,133,Как работает современный складской комплекс,kak-rabotaet-sovremennyj-skladskoj-kompleks,Логистика и склад,logistika-i-sklad,2026-05-18 18:48,,,,Как работает современный складской комплекс,да,журнал публикаций,записан в реестре
speciallabel.ru,speciallabel.ru,134,Профессии складской логистики: обзор и перспективы,professii-skladskoj-logistiki-obzor-i-perspektivy,Логистика и склад,logistika-i-sklad,2026-05-19 08:45,,,,Профессии складской логистики,да,журнал публикаций,из заголовка
speciallabel.ru,speciallabel.ru,135,Что такое складская логистика,chto-takoe-skladskaja-logistika,Логистика и склад,logistika-i-sklad,2026-05-21 18:45,логистика,https://ru.wikipedia.org/wiki/Логистика,,Что такое складская логистика,да,журнал публикаций,из заголовка
speciallabel.ru,speciallabel.ru,136,Обучение водителей погрузчиков: полезный ресурс,obuchenie-voditelej-pogruzchikov-poleznyj-resurs,Логистика и склад,logistika-i-sklad,2026-05-22 16:54,https://aso-cdo.ru/moskva/rabochie-professii/voditel-pogruzchika/,https://aso-cdo.ru/moskva/rabochie-professii/voditel-pogruzchika/,да,Обучение водителей погрузчиков: полезный ресурс,да,журнал публикаций,из заголовка
speciallabel.ru,speciallabel.ru,137,Рынок труда в логистике Москвы,rynok-truda-v-logistike-moskvy,Логистика и склад,logistika-i-sklad,2026-05-23 13:52,HeadHunter,https://hh.ru/,,Рынок труда в логистике Москвы,да,журнал публикаций,из заголовка
speciallabel.ru,speciallabel.ru,138,Автоматизация склада: заменит ли техника людей,avtomatizacija-sklada-zamenit-li-tehnika-ljudej,Логистика и склад,logistika-i-sklad,2026-05-24 17:49,,,,Автоматизация склада: вытеснит ли техника людей,да,журнал публикаций,из заголовка
speciallabel.ru,speciallabel.ru,152,Тренды аренды фотозон в 2026 году,trendy-arendy-fotozon-v-2026-godu,Тренды в аренде фотозон,trendy-v-arende-fotozon,2026-06-05 12:48,,,,Тренды в аренде фотозон: основные форматы и решения 2026 года,да,журнал публикаций,из заголовка
speciallabel.ru,speciallabel.ru,154,Тренды в аренде фотозон: технологии и материалы,trendy-v-arende-fotozon-tehnologii-i-materialy,Тренды в аренде фотозон,trendy-v-arende-fotozon,2026-06-06 09:19,,,,"Тренды в аренде фотозон: технологии, материалы и оборудование",да,журнал публикаций,из заголовка
speciallabel.ru,speciallabel.ru,156,Как выбрать аренду фотозон грамотно,kak-vybrat-arendu-fotozon-gramotno,Тренды в аренде фотозон,trendy-v-arende-fotozon,2026-06-07 20:49,аренда фотозон,https://divent.ru/ekb/uslugi/fotozony/,да,"Как выбрать аренда фотозон: критерии, сервис и бюджет",да,журнал публикаций,записан в реестре
speciallabel.ru,speciallabel.ru,158,Тренды аренды фотозон: кейсы и идеи,trendy-arendy-fotozon-kejsy-i-idei,Тренды в аренде фотозон,trendy-v-arende-fotozon,2026-06-09 13:42,,,,Тренды в аренде фотозон: примеры удачных кейсов и нестандартные идеи,да,журнал публикаций,из заголовка
speciallabel.ru,speciallabel.ru,160,Тренды аренды фотозон: безопасность и нормы,trendy-arendy-fotozon-bezopasnost-i-normy,Тренды в аренде фотозон,trendy-v-arende-fotozon,2026-06-11 15:44,,,,"Тренды в аренде фотозон: безопасность, монтаж и нормативы",да,журнал публикаций,из заголовка
speciallabel.ru,speciallabel.ru,162,Тренды аренды фотозон: ошибки и решения,trendy-arendy-fotozon-oshibki-i-reshenija,Тренды в аренде фотозон,trendy-v-arende-fotozon,2026-06-13 20:40,,,,Тренды в аренде фотозон: ошибки заказчиков и как их избежать,да,журнал публикаций,из заголовка
techfile.ru,techfile.ru,121,Когда стоит сменить профессию на рабочую,kogda-stoit-smenit-professiju-na-rabochuju,Обучение и переквалификация,obuchenie-i-perekvalifikacija,2026-05-13 14:34,,,,Когда стоит сменить профессию на рабочую,да,журнал публикаций,записан в реестре
techfile.ru,techfile.ru,122,Дистанционное обучение на погрузчик: как это работает,distancionnoe-obuchenie-na-pogruzchik-kak-jeto-rabotaet,Обучение и переквалификация,obuchenie-i-perekvalifikacija,2026-05-14 15:46,дистанционное обучение на погрузчик,https://aso-cdo.ru/moskva/rabochie-professii/voditel-pogruzchika/,да,Дистанционное обучение на погрузчик: как это работает,да,журнал публикаций,записан в реестре
techfile.ru,techfile.ru,123,Профессиональное обучение в России: формы и сроки,professionalnoe-obuchenie-v-rossii-formy-i-sroki,Обучение и переквалификация,obuchenie-i-perekvalifikacija,2026-05-16 14:34,Закон об образовании,https://www.consultant.ru/document/cons_doc_LAW_140174/,,Профессиональное обучение в России: формы и сроки,да,журнал публикаций,записан в реестре
techfile.ru,techfile.ru,124,Сколько учиться на водителя погрузчика,skolko-uchitsja-na-voditelja-pogruzchika,Обучение и переквалификация,obuchenie-i-perekvalifikacija,2026-05-17 12:50,,,,Сколько длится обучение на водителя погрузчика,да,журнал публикаций,записан в реестре
techfile.ru,techfile.ru,125,Зарплаты рабочих профессий по регионам России,zarplaty-rabochih-professij-po-regionam-rossii,Обучение и переквалификация,obuchenie-i-perekvalifikacija,2026-05-19 21:23,Росстат,https://rosstat.gov.ru/,,Зарплаты рабочих профессий по регионам России,да,журнал публикаций,из заголовка
techfile.ru,techfile.ru,126,Как совмещать обучение с основной работой,kak-sovmeshhat-obuchenie-s-osnovnoj-rabotoj,Обучение и переквалификация,obuchenie-i-perekvalifikacija,2026-05-20 19:35,,,,Как совмещать обучение с основной работой,да,журнал публикаций,из заголовка
techfile.ru,techfile.ru,140,Праздничное оформление и фотозоны 2026,prazdnichnoe-oformlenie-i-fotozony-2026,Праздничное оформление: фотозоны и декор,prazdnichnoe-oformlenie-fotozony-i-dekor,2026-06-01 20:07,,,,Праздничное оформление: фотозоны и декор: основные форматы и решения 2026 года,да,журнал публикаций,из заголовка
techfile.ru,techfile.ru,142,Праздничное оформление: фотозоны и декор,prazdnichnoe-oformlenie-fotozony-i-dekor,Праздничное оформление: фотозоны и декор,prazdnichnoe-oformlenie-fotozony-i-dekor,2026-06-03 16:35,,,,"Праздничное оформление: фотозоны и декор: технологии, материалы и оборудование",да,журнал публикаций,из заголовка
techfile.ru,techfile.ru,144,Как выбрать аренду фотозон грамотно,kak-vybrat-arendu-fotozon-gramotno,Праздничное оформление: фотозоны и декор,prazdnichnoe-oformlenie-fotozony-i-dekor,2026-06-04 11:21,аренда фотозон,https://divent.ru/uslugi/fotozony/,да,"Как выбрать аренда фотозон: критерии, сервис и бюджет",да,журнал публикаций,записан в реестре
techfile.ru,techfile.ru,146,Праздничное оформление: фотозоны и декор,prazdnichnoe-oformlenie-fotozony-i-dekor-2,Праздничное оформление: фотозоны и декор,prazdnichnoe-oformlenie-fotozony-i-dekor,2026-06-05 11:21,,,,Праздничное оформление: фотозоны и декор: примеры удачных кейсов и нестандартные идеи,да,журнал публикаций,"из заголовка, суффикс WordPress"
techfile.ru,techfile.ru,148,Фотозоны и декор: безопасность и монтаж,fotozony-i-dekor-bezopasnost-i-montazh,Праздничное оформление: фотозоны и декор,prazdnichnoe-oformlenie-fotozony-i-dekor,2026-06-06 11:20,,,,"Праздничное оформление: фотозоны и декор: безопасность, монтаж и нормативы",да,журнал публикаций,из заголовка
techfile.ru,techfile.ru,150,Ошибки в оформлении фотозон и декора,oshibki-v-oformlenii-fotozon-i-dekora,Праздничное оформление: фотозоны и декор,prazdnichnoe-oformlenie-fotozony-i-dekor,2026-06-07 12:27,,,,Праздничное оформление: фотозоны и декор: ошибки заказчиков и как их избежать,да,журнал публикаций,из заголовка
top-audit.ru,top-audit.ru,124,Сколько стоит освоить рабочую профессию в Москве,skolko-stoit-osvoit-rabochuju-professiju-v-moskve,Цены на обучение профессиям,ceny-na-obuchenie-professijam,2026-05-15 14:52,,,,Сколько стоит освоить рабочую профессию в Москве,да,журнал публикаций,записан в реестре
top-audit.ru,top-audit.ru,125,От чего зависит цена обучения на спецтехнику,ot-chego-zavisit-cena-obuchenija-na-spectehniku,Цены на обучение профессиям,ceny-na-obuchenie-professijam,2026-05-16 12:41,,,,От чего зависит цена обучения на спецтехнику,да,журнал публикаций,записан в реестре
top-audit.ru,top-audit.ru,126,Как не переплатить за курсы,kak-ne-pereplatit-za-kursy,Цены на обучение профессиям,ceny-na-obuchenie-professijam,2026-05-17 15:14,HeadHunter,https://hh.ru/,,Как не переплатить за курсы: практические советы,да,журнал публикаций,записан в реестре
top-audit.ru,top-audit.ru,127,Обучение на водителя погрузчика в Москве: цена,obuchenie-na-voditelja-pogruzchika-v-moskve-cena,Цены на обучение профессиям,ceny-na-obuchenie-professijam,2026-05-19 13:53,обучение на водителя погрузчика в москве цена,https://aso-cdo.ru/moskva/rabochie-professii/voditel-pogruzchika/,да,Обучение на водителя погрузчика в Москве: из чего складывается цена,да,журнал публикаций,из заголовка
top-audit.ru,top-audit.ru,128,Налоговый вычет за обучение: как вернуть деньги,nalogovyj-vychet-za-obuchenie-kak-vernut-dengi,Цены на обучение профессиям,ceny-na-obuchenie-professijam,2026-05-21 20:35,КонсультантПлюс,https://www.consultant.ru/,,Налоговый вычет за обучение: как вернуть часть денег,да,журнал публикаций,из заголовка
top-audit.ru,top-audit.ru,129,Окупаются ли вложения в обучение на водителя погрузчика,okupajutsja-li-vlozhenija-v-obuchenie-na-voditelja-pogruzchika,Цены на обучение профессиям,ceny-na-obuchenie-professijam,2026-05-23 16:49,,,,Окупаются ли вложения в обучение на водителя погрузчика,да,журнал публикаций,из заголовка
top-audit.ru,top-audit.ru,143,LED-решения для фотозон в 2026 году,led-reshenija-dlja-fotozon-v-2026-godu,LED-технологии в оформлении фотозон,led-tehnologii-v-oformlenii-fotozon,2026-06-02 19:18,,,,LED-технологии в оформлении фотозон: основные форматы и решения 2026 года,да,журнал публикаций,из заголовка
top-audit.ru,top-audit.ru,145,LED в оформлении фотозон: материалы и техника,led-v-oformlenii-fotozon-materialy-i-tehnika,LED-технологии в оформлении фотозон,led-tehnologii-v-oformlenii-fotozon,2026-06-03 17:09,,,,"LED-технологии в оформлении фотозон: технологии, материалы и оборудование",да,журнал публикаций,из заголовка
top-audit.ru,top-audit.ru,147,Как выбрать угловую LED фотозону,kak-vybrat-uglovuju-led-fotozonu,LED-технологии в оформлении фотозон,led-tehnologii-v-oformlenii-fotozon,2026-06-04 12:53,угловая led фотозона,https://divent.ru/uslugi/svetodiodnaya-uglovaya-led-fotozona/,да,"Как выбрать угловая led фотозона: критерии, сервис и бюджет",да,журнал публикаций,записан в реестре
top-audit.ru,top-audit.ru,149,LED-технологии в оформлении фотозон,led-tehnologii-v-oformlenii-fotozon,LED-технологии в оформлении фотозон,led-tehnologii-v-oformlenii-fotozon,2026-06-05 09:46,,,,LED-технологии в оформлении фотозон: примеры удачных кейсов и нестандартные идеи,да,журнал публикаций,из заголовка
top-audit.ru,top-audit.ru,151,"LED в фотозонах: монтаж, безопасность, нормы",led-v-fotozonah-montazh-bezopasnost-normy,LED-технологии в оформлении фотозон,led-tehnologii-v-oformlenii-fotozon,2026-06-07 17:35,,,,"LED-технологии в оформлении фотозон: безопасность, монтаж и нормативы",да,журнал публикаций,из заголовка
top-audit.ru,top-audit.ru,153,LED-фотозоны: ошибки и как их избежать,led-fotozony-oshibki-i-kak-ih-izbezhat,LED-технологии в оформлении фотозон,led-tehnologii-v-oformlenii-fotozon,2026-06-09 21:30,,,,LED-технологии в оформлении фотозон: ошибки заказчиков и как их избежать,да,журнал публикаций,из заголовка
unit-org.ru,unit-org.ru,152,Как расти в карьере после 30 лет,kak-rasti-v-karere-posle-30-let,Карьера и развитие,karera-i-razvitie,2026-05-24 14:29,,,,Как расти в карьере после 30 лет,да,журнал публикаций,из заголовка
unit-org.ru,unit-org.ru,153,Профессии будущего: к чему готовиться уже сейчас,professii-budushhego-k-chemu-gotovitsja-uzhe-sejchas,Карьера и развитие,karera-i-razvitie,2026-05-25 10:21,,,,Профессии будущего: к чему готовиться уже сейчас,да,журнал публикаций,из заголовка
unit-org.ru,unit-org.ru,154,Непрерывное образование: зачем учиться всю жизнь,nepreryvnoe-obrazovanie-zachem-uchitsja-vsju-zhizn,Карьера и развитие,karera-i-razvitie,2026-05-27 21:41,профессиональная переподготовка,https://ru.wikipedia.org/wiki/Профессиональная_переподготовка,,Непрерывное образование: зачем учиться всю жизнь,да,журнал публикаций,из заголовка
unit-org.ru,unit-org.ru,155,Профессиональная переподготовка в Тюмени,professionalnaja-perepodgotovka-v-tjumeni,Карьера и развитие,karera-i-razvitie,2026-05-28 18:25,профессиональная переподготовка в Тюмени,https://aso-cdo.ru/tyumen/professionalnaya-perepodgotovka/,да,Профессиональная переподготовка в Тюмени: программы и центры,да,журнал публикаций,из заголовка
unit-org.ru,unit-org.ru,156,Господдержка переобучения граждан,gospodderzhka-pereobuchenija-grazhdan,Карьера и развитие,karera-i-razvitie,2026-05-29 10:17,Работа России,https://trudvsem.ru/,,Государственная поддержка переобучения граждан,да,журнал публикаций,из заголовка
unit-org.ru,unit-org.ru,157,Как поставить цель и выбрать новое направление,kak-postavit-cel-i-vybrat-novoe-napravlenie,Карьера и развитие,karera-i-razvitie,2026-05-31 14:36,,,,Как поставить цель и выбрать новое направление,да,журнал публикаций,из заголовка
unit-org.ru,unit-org.ru,171,LED-оформление event-проектов в 2026 году,led-oformlenie-event-proektov-v-2026-godu,LED-оформление массовых event-проектов,led-oformlenie-massovyh-event-proektov,2026-06-06 10:39,,,,LED-оформление массовых event-проектов: основные форматы и решения 2026 года,да,журнал публикаций,из заголовка
unit-org.ru,unit-org.ru,173,LED-оформление event-проектов,led-oformlenie-event-proektov,LED-оформление массовых event-проектов,led-oformlenie-massovyh-event-proektov,2026-06-08 18:33,,,,"LED-оформление массовых event-проектов: технологии, материалы и оборудование",да,журнал публикаций,из заголовка
unit-org.ru,unit-org.ru,175,Как выбрать LED фотозону для мероприятия,kak-vybrat-led-fotozonu-dlja-meroprijatija,LED-оформление массовых event-проектов,led-oformlenie-massovyh-event-proektov,2026-06-10 20:51,led фотозоны на мероприятие,https://divent.ru/uslugi/svetodiodnaya-uglovaya-led-fotozona/,да,"Как выбрать led фотозоны на мероприятие: критерии, сервис и бюджет",да,журнал публикаций,записан в реестре
unit-org.ru,unit-org.ru,177,LED-оформление event-проектов: кейсы и идеи,led-oformlenie-event-proektov-kejsy-i-idei,LED-оформление массовых event-проектов,led-oformlenie-massovyh-event-proektov,2026-06-12 21:34,,,,LED-оформление массовых event-проектов: примеры удачных кейсов и нестандартные идеи,да,журнал публикаций,из заголовка
unit-org.ru,unit-org.ru,179,LED-оформление event-проектов: безопасность и нормы,led-oformlenie-event-proektov-bezopasnost-i-normy,LED-оформление массовых event-проектов,led-oformlenie-massovyh-event-proektov,2026-06-13 09:54,,,,"LED-оформление массовых event-проектов: безопасность, монтаж и нормативы",да,журнал публикаций,из заголовка
unit-org.ru,unit-org.ru,181,LED-оформление event-проектов: частые ошибки,led-oformlenie-event-proektov-chastye-oshibki,LED-оформление массовых event-проектов,led-oformlenie-massovyh-event-proektov,2026-06-15 16:30,,,,LED-оформление массовых event-проектов: ошибки заказчиков и как их избежать,да,журнал публикаций,из заголовка
yellodigital.ru,yellodigital.ru,130,Образование как инвестиция в карьеру,obrazovanie-kak-investicija-v-kareru,Профессия и обучение,professija-i-obuchenie,2026-06-03 16:27,,,,Образование как инвестиция в карьеру,да,журнал публикаций,из заголовка
yellodigital.ru,yellodigital.ru,131,Профессиональная переподготовка: главные ответы,professionalnaja-perepodgotovka-glavnye-otvety,Профессия и обучение,professija-i-obuchenie,2026-06-04 15:26,профессиональная переподготовка,https://aso-cdo.ru/tyumen/professionalnaya-perepodgotovka/,да,Профессиональная переподготовка: ответы на главные вопросы,да,журнал публикаций,из заголовка
yellodigital.ru,yellodigital.ru,132,Как регулируется дополнительное образование,kak-reguliruetsja-dopolnitelnoe-obrazovanie,Профессия и обучение,professija-i-obuchenie,2026-06-06 18:38,Закон об образовании,https://www.consultant.ru/document/cons_doc_LAW_140174/,,Как государство регулирует дополнительное образование,да,журнал публикаций,из заголовка
yellodigital.ru,yellodigital.ru,133,Как выбрать переподготовку по душе,kak-vybrat-perepodgotovku-po-dushe,Профессия и обучение,professija-i-obuchenie,2026-06-07 20:19,,,,Как выбрать направление переподготовки по душе,да,журнал публикаций,из заголовка
yellodigital.ru,yellodigital.ru,134,Какие профессии нужны рынку труда сегодня,kakie-professii-nuzhny-rynku-truda-segodnja,Профессия и обучение,professija-i-obuchenie,2026-06-09 18:42,Росстат,https://rosstat.gov.ru/,,Какие профессии сегодня нужны рынку труда,да,журнал публикаций,из заголовка
yellodigital.ru,yellodigital.ru,135,Переподготовка: реальные сроки и результаты,perepodgotovka-realnye-sroki-i-rezultaty,Профессия и обучение,professija-i-obuchenie,2026-06-10 12:50,,,,Переподготовка: реальные сроки и результаты,да,журнал публикаций,из заголовка
yellodigital.ru,yellodigital.ru,149,Роботы на мероприятиях в 2026 году,roboty-na-meroprijatijah-v-2026-godu,Роботы на мероприятиях,roboty-na-meroprijatijah,2026-08-15 09:18,,,,Роботы на мероприятиях: что изменилось в 2026 году,да,журнал публикаций,из заголовка
yellodigital.ru,yellodigital.ru,151,"Роботы на мероприятиях: техника, софт и расходники",roboty-na-meroprijatijah-tehnika-soft-i-rashodniki,Роботы на мероприятиях,roboty-na-meroprijatijah,2026-08-16 11:29,,,,"Роботы на мероприятиях: оборудование, софт и расходники",да,журнал публикаций,из заголовка
yellodigital.ru,yellodigital.ru,153,Робот художник на мероприятие: выбор без переплат,robot-hudozhnik-na-meroprijatie-vybor-bez-pereplat,Роботы на мероприятиях,roboty-na-meroprijatijah,2026-08-18 09:24,робот художник на мероприятие,https://divent.ru/uslugi/robot-hudozhnik/,да,Робот художник на мероприятие: как выбрать подрядчика и не переплатить,да,журнал публикаций,записан в реестре
yellodigital.ru,yellodigital.ru,155,Роботы на мероприятиях: реальные кейсы,roboty-na-meroprijatijah-realnye-kejsy,Роботы на мероприятиях,roboty-na-meroprijatijah,2026-08-19 16:55,,,,Роботы на мероприятиях: разбор реальных кейсов,нет,журнал публикаций,из заголовка
yellodigital.ru,yellodigital.ru,157,Роботы на мероприятиях: площадка и безопасность,roboty-na-meroprijatijah-ploshhadka-i-bezopasnost,Роботы на мероприятиях,roboty-na-meroprijatijah,2026-08-20 13:21,,,,"Роботы на мероприятиях: площадка, электрика и безопасность",нет,журнал публикаций,из заголовка
yellodigital.ru,yellodigital.ru,159,Сколько стоит аренда робота на мероприятие,skolko-stoit-arenda-robota-na-meroprijatie,Роботы на мероприятиях,roboty-na-meroprijatijah,2026-08-22 19:06,аренда робота на мероприятие,https://divent.ru/uslugi/roboty/,да,Аренда робота на мероприятие: из чего складывается цена,нет,журнал публикаций,записан в реестре
yellodigital.ru,yellodigital.ru,161,Роботы на мероприятиях: ошибки заказчиков,roboty-na-meroprijatijah-oshibki-zakazchikov,Роботы на мероприятиях,roboty-na-meroprijatijah,2026-08-24 13:37,,,,Роботы на мероприятиях: частые ошибки заказчиков,нет,журнал публикаций,из заголовка
доступныйсервис.рф,xn--b1addncxgimfdeeo6j.xn--p1ai,123,Чем курсы переподготовки отличаются от вузовских программ,chem-kursy-perepodgotovki-otlichajutsja-ot-vuzovskih-programm,Курсы и программы,kursy-i-programmy,2026-05-28 21:54,,,,Чем курсы переподготовки отличаются от вузовских программ,да,журнал публикаций,из заголовка
доступныйсервис.рф,xn--b1addncxgimfdeeo6j.xn--p1ai,124,Как устроены программы дополнительного образования,kak-ustroeny-programmy-dopolnitelnogo-obrazovanija,Курсы и программы,kursy-i-programmy,2026-05-29 09:41,,,,Как устроены программы дополнительного образования,да,журнал публикаций,из заголовка
доступныйсервис.рф,xn--b1addncxgimfdeeo6j.xn--p1ai,125,Документ о квалификации: что он даёт выпускнику,dokument-o-kvalifikacii-chto-on-dajot-vypuskniku,Курсы и программы,kursy-i-programmy,2026-05-31 10:34,Рособрнадзор,https://obrnadzor.gov.ru/,,Документ о квалификации: что он даёт выпускнику,да,журнал публикаций,из заголовка
доступныйсервис.рф,xn--b1addncxgimfdeeo6j.xn--p1ai,126,Как выбрать курсы профпереподготовки,kak-vybrat-kursy-profperepodgotovki,Курсы и программы,kursy-i-programmy,2026-06-02 17:24,курсы профессиональной переподготовки,https://aso-cdo.ru/tyumen/professionalnaya-perepodgotovka/,да,Курсы профессиональной переподготовки: как выбрать,да,журнал публикаций,из заголовка
доступныйсервис.рф,xn--b1addncxgimfdeeo6j.xn--p1ai,127,Востребованные направления переобучения,vostrebovannye-napravlenija-pereobuchenija,Курсы и программы,kursy-i-programmy,2026-06-04 21:29,Росстат,https://rosstat.gov.ru/,,Востребованные направления переобучения,да,журнал публикаций,из заголовка
доступныйсервис.рф,xn--b1addncxgimfdeeo6j.xn--p1ai,128,Дистанционные курсы переподготовки: за и против,distancionnye-kursy-perepodgotovki-za-i-protiv,Курсы и программы,kursy-i-programmy,2026-06-05 11:08,,,,Дистанционные курсы переподготовки: за и против,да,журнал публикаций,из заголовка
доступныйсервис.рф,xn--b1addncxgimfdeeo6j.xn--p1ai,142,Выпускные в Екатеринбурге: фотозоны 2026,vypusknye-v-ekaterinburge-fotozony-2026,Выпускные в Екатеринбурге: оформление фотозон,vypusknye-v-ekaterinburge-oformlenie-fotozon,2026-06-07 10:22,,,,Выпускные в Екатеринбурге: оформление фотозон: основные форматы и решения 2026 года,да,журнал публикаций,из заголовка
доступныйсервис.рф,xn--b1addncxgimfdeeo6j.xn--p1ai,144,Выпускные в Екатеринбурге: фотозоны под ключ,vypusknye-v-ekaterinburge-fotozony-pod-kljuch,Выпускные в Екатеринбурге: оформление фотозон,vypusknye-v-ekaterinburge-oformlenie-fotozon,2026-06-09 15:42,,,,"Выпускные в Екатеринбурге: оформление фотозон: технологии, материалы и оборудование",да,журнал публикаций,из заголовка
доступныйсервис.рф,xn--b1addncxgimfdeeo6j.xn--p1ai,146,Как выбрать фотозону на выпускной в Екатеринбурге,kak-vybrat-fotozonu-na-vypusknoj-v-ekaterinburge,Выпускные в Екатеринбурге: оформление фотозон,vypusknye-v-ekaterinburge-oformlenie-fotozon,2026-06-11 09:36,фотозона на выпускной в Екатеринбурге,https://divent.ru/ekb/uslugi/fotozony-na-vipusknoy/,да,"Как выбрать фотозона на выпускной в Екатеринбурге: критерии, сервис и бюджет",да,журнал публикаций,записан в реестре
доступныйсервис.рф,xn--b1addncxgimfdeeo6j.xn--p1ai,148,Выпускные в Екатеринбурге: идеи фотозон,vypusknye-v-ekaterinburge-idei-fotozon,Выпускные в Екатеринбурге: оформление фотозон,vypusknye-v-ekaterinburge-oformlenie-fotozon,2026-06-12 13:14,,,,Выпускные в Екатеринбурге: оформление фотозон: примеры удачных кейсов и нестандартные идеи,да,журнал публикаций,из заголовка
доступныйсервис.рф,xn--b1addncxgimfdeeo6j.xn--p1ai,150,Выпускные в Екатеринбурге: фотозоны без риска,vypusknye-v-ekaterinburge-fotozony-bez-riska,Выпускные в Екатеринбурге: оформление фотозон,vypusknye-v-ekaterinburge-oformlenie-fotozon,2026-06-14 18:31,,,,"Выпускные в Екатеринбурге: оформление фотозон: безопасность, монтаж и нормативы",да,журнал публикаций,из заголовка
доступныйсервис.рф,xn--b1addncxgimfdeeo6j.xn--p1ai,152,Выпускные в Екатеринбурге: ошибки в фотозонах,vypusknye-v-ekaterinburge-oshibki-v-fotozonah,Выпускные в Екатеринбурге: оформление фотозон,vypusknye-v-ekaterinburge-oformlenie-fotozon,2026-06-15 12:21,,,,Выпускные в Екатеринбурге: оформление фотозон: ошибки заказчиков и как их избежать,да,журнал публикаций,из заголовка
стандарт72.рф,xn--72-6kcat7cxadjf.xn--p1ai,100,Почему взрослому полезно переобучаться,pochemu-vzroslomu-polezno-pereobuchatsja,Переобучение взрослых,pereobuchenie-vzroslyh,2026-05-27 18:06,,,,Почему взрослому человеку полезно переобучаться,да,журнал публикаций,из заголовка
стандарт72.рф,xn--72-6kcat7cxadjf.xn--p1ai,101,Образование для взрослых: мировой опыт,obrazovanie-dlja-vzroslyh-mirovoj-opyt,Переобучение взрослых,pereobuchenie-vzroslyh,2026-05-29 16:13,профессиональная переподготовка,https://ru.wikipedia.org/wiki/Профессиональная_переподготовка,,Образование для взрослых: мировой опыт,да,журнал публикаций,из заголовка
стандарт72.рф,xn--72-6kcat7cxadjf.xn--p1ai,102,Переподготовка: новая профессия в короткий срок,perepodgotovka-novaja-professija-v-korotkij-srok,Переобучение взрослых,pereobuchenie-vzroslyh,2026-05-30 13:21,переподготовка,https://aso-cdo.ru/tyumen/professionalnaya-perepodgotovka/,да,Переподготовка: как получить новую профессию быстро,да,журнал публикаций,из заголовка
стандарт72.рф,xn--72-6kcat7cxadjf.xn--p1ai,103,Сколько времени нужно на новую профессию,skolko-vremeni-nuzhno-na-novuju-professiju,Переобучение взрослых,pereobuchenie-vzroslyh,2026-06-01 17:18,,,,Сколько времени нужно на освоение новой профессии,да,журнал публикаций,из заголовка
стандарт72.рф,xn--72-6kcat7cxadjf.xn--p1ai,104,Где найти работу после переобучения,gde-najti-rabotu-posle-pereobuchenija,Переобучение взрослых,pereobuchenie-vzroslyh,2026-06-03 19:42,HeadHunter,https://hh.ru/,,Где найти работу после переобучения,да,журнал публикаций,из заголовка
стандарт72.рф,xn--72-6kcat7cxadjf.xn--p1ai,105,Как не бросить учёбу на полпути,kak-ne-brosit-uchjobu-na-polputi,Переобучение взрослых,pereobuchenie-vzroslyh,2026-06-04 08:46,,,,Как не бросить учёбу на полпути,да,журнал публикаций,из заголовка
стандарт72.рф,xn--72-6kcat7cxadjf.xn--p1ai,119,Светодиодные фотозоны для event в 2026 году,svetodiodnye-fotozony-dlja-event-v-2026-godu,Светодиодные фотозоны: преимущества для event,svetodiodnye-fotozony-preimushhestva-dlja-event,2026-06-06 09:32,,,,Светодиодные фотозоны: преимущества для event: основные форматы и решения 2026 года,да,журнал публикаций,из заголовка
стандарт72.рф,xn--72-6kcat7cxadjf.xn--p1ai,121,Светодиодные фотозоны для event,svetodiodnye-fotozony-dlja-event,Светодиодные фотозоны: преимущества для event,svetodiodnye-fotozony-preimushhestva-dlja-event,2026-06-07 21:21,,,,"Светодиодные фотозоны: преимущества для event: технологии, материалы и оборудование",да,журнал публикаций,из заголовка
стандарт72.рф,xn--72-6kcat7cxadjf.xn--p1ai,123,Как выбрать LED-фотозону в аренду,kak-vybrat-led-fotozonu-v-arendu,Светодиодные фотозоны: преимущества для event,svetodiodnye-fotozony-preimushhestva-dlja-event,2026-06-09 13:24,светодиодная фотозона аренда,https://divent.ru/uslugi/svetodiodnaya-uglovaya-led-fotozona/,да,"Как выбрать светодиодная фотозона аренда: критерии, сервис и бюджет",да,журнал публикаций,записан в реестре
стандарт72.рф,xn--72-6kcat7cxadjf.xn--p1ai,125,Светодиодные фотозоны для event: идеи и кейсы,svetodiodnye-fotozony-dlja-event-idei-i-kejsy,Светодиодные фотозоны: преимущества для event,svetodiodnye-fotozony-preimushhestva-dlja-event,2026-06-10 11:46,,,,Светодиодные фотозоны: преимущества для event: примеры удачных кейсов и нестандартные идеи,да,журнал публикаций,из заголовка
стандарт72.рф,xn--72-6kcat7cxadjf.xn--p1ai,127,Светодиодные фотозоны для event,svetodiodnye-fotozony-dlja-event-2,Светодиодные фотозоны: преимущества для event,svetodiodnye-fotozony-preimushhestva-dlja-event,2026-06-12 17:48,,,,"Светодиодные фотозоны: преимущества для event: безопасность, монтаж и нормативы",да,журнал публикаций,"из заголовка, суффикс WordPress"
стандарт72.рф,xn--72-6kcat7cxadjf.xn--p1ai,129,Светодиодные фотозоны для event: плюсы и ошибки,svetodiodnye-fotozony-dlja-event-pljusy-i-oshibki,Светодиодные фотозоны: преимущества для event,svetodiodnye-fotozony-preimushhestva-dlja-event,2026-06-14 14:35,,,,Светодиодные фотозоны: преимущества для event: ошибки заказчиков и как их избежать,да,журнал публикаций,из заголовка
