Сайт;Рубрика;Дата;URL статьи;Анкор;Целевая ссылка
pre100l.ru;Пищевая промышленность;2026-04-18 20:28;https://pre100l.ru/pishhevaja-promyshlennost/kak-stat-tehnologom-pishhevogo-proizvodstva/;курсы технолога пищевого производства;https://aso-cdo.ru/professionalnaya-perepodgotovka/selskoe-hozyajstvo-pp/tehnolog-pishhevogo-proizvodstva/
solkmsb.ru;Карьерный рост;2026-04-17 14:39;https://solkmsb.ru/karernyj-rost/obuchenie-na-tehnologa-pishhevogo-proizvodstva-komu-podhodit/;обучение на технолога пищевого производства;https://aso-cdo.ru/professionalnaya-perepodgotovka/selskoe-hozyajstvo-pp/tehnolog-pishhevogo-proizvodstva/
2semechki.ru;Промышленная автоматизация;2026-04-21 11:29;https://2semechki.ru/promyshlennaja-avtomatizacija/inzhener-asu-tp-zadachi-i-put-v-professiju/;инженер асу тп обучение;https://aso-cdo.ru/professionalnaya-perepodgotovka/informacionnye-tekhnologii-i-bezopasnost-pp/inzhener-asu-tp/
m-e-d-a-l.ru;Машиностроение;2026-04-20 19:17;https://m-e-d-a-l.ru/mashinostroenie/perepodgotovka-na-inzhenera-mehanika-gde-i-kak-projti/;переподготовка инженер механик;https://aso-cdo.ru/professionalnaya-perepodgotovka/stroitelstvo-pp/inzhener-mexanik/
sibertek.ru;Горнодобывающая отрасль;2026-04-22 10:13;https://sibertek.ru/gornodobyvajushhaja-otrasl/gornyj-dispetcher-objazannosti-zarplata-i-perspektivy-2/;горный диспетчер;https://aso-cdo.ru/professionalnaya-perepodgotovka/gornoe-delo-2/gornyj-dispetcher-professionalnaya-perepodgotovka/
elintel.ru;Охрана труда;2026-04-16 16:44;https://elintel.ru/ohrana-truda/perepodgotovka-po-pozharnoj-bezopasnosti-256-chasov-komu-nuzhna/;переподготовка по пожарной безопасности 256 часов;https://aso-cdo.ru/professionalnaya-perepodgotovka/pozharnaya-bezopasnost/
vsenamag.ru;Инженерные профессии;2026-04-19 15:35;https://vsenamag.ru/inzhenernye-professii/perepodgotovka-na-inzhenera-mehanika-polnoe-rukovodstvo/;профессиональная переподготовка инженер механик;https://aso-cdo.ru/professionalnaya-perepodgotovka/stroitelstvo-pp/inzhener-mexanik/
oybox.by;Цифровые технологии;2026-04-16 15:27;https://oybox.by/cifrovye-tehnologii/professionalnaja-perepodgotovka-po-asu-tp-programma-i-vozmozhnosti/;профессиональная переподготовка асу тп;https://aso-cdo.ru/professionalnaya-perepodgotovka/informacionnye-tekhnologii-i-bezopasnost-pp/inzhener-asu-tp/
studio-santech.ru;Образование и саморазвитие;2026-04-16 17:47;https://studio-santech.ru/obrazovanie-i-samorazvitie/professionalnaja-perepodgotovka-kak-vybrat-programmu/;профессиональная переподготовка;https://aso-cdo.ru/professionalnaya-perepodgotovka/
photoset-msk.ru;Бизнес и экономика;2026-04-16 16:26;https://photoset-msk.ru/biznes-i-jekonomika/kak-vybrat-nadjozhnuju-akademiju-dopobrazovanija/;aso-cdo.ru;https://aso-cdo.ru/professionalnaya-perepodgotovka/
pro-covers.ru;Медицина и здравоохранение;2026-04-19 13:13;https://pro-covers.ru/medicina-i-zdravoohranenie/medicinskij-registrator-obuchenie-i-start-karery/;медицинский регистратор обучение;https://aso-cdo.ru/spb/rabochie-professii/mediczinskij-registrator/
pravo-or.org;Медицинские профессии СПб;2026-04-20 18:33;https://pravo-or.org/medicinskie-professii-spb/top-5-mest-dlja-obuchenija-medicinskogo-registratora-v-spb/;курсы медицинского регистратора;https://aso-cdo.ru/spb/rabochie-professii/mediczinskij-registrator/
mybabyfoot.ru;Логистика и склад;2026-04-16 20:55;https://mybabyfoot.ru/logistika-i-sklad/top-5-kursov-kladovshhika-s-trudoustrojstvom/;курсы кладовщика;https://aso-cdo.ru/spb/rabochie-professii/kladovshhik/
edhall.ru;Жизнь в Петербурге;2026-04-18 14:43;https://edhall.ru/zhizn-v-peterburge/obuchenie-medicinskogo-registratora-v-spb-gde-i-kak/;медицинский регистратор обучение спб;https://aso-cdo.ru/spb/rabochie-professii/mediczinskij-registrator/
colorit-dv.ru;Строительство и ЖКХ;2026-04-16 11:10;https://colorit-dv.ru/stroitelstvo-i-zhkh/kursy-santehnika-v-spb-gde-poluchit-professiju/;курсы сантехника спб;https://aso-cdo.ru/spb/rabochie-professii/slesar-santehnik/
centr-audita.ru;Работа в здравоохранении;2026-04-16 19:50;https://centr-audita.ru/rabota-v-zdravoohranenii/kursy-sanitara-programma-i-komu-oni-podhodjat/;курсы санитара;https://aso-cdo.ru/spb/rabochie-professii/sanitar/
iscar-east.ru;Зоология и ветеринария;2026-04-16 15:19;https://iscar-east.ru/zoologija-i-veterinarija/zoopsiholog-v-spb-obuchenie-i-perspektivy-professii/;зоопсихолог обучение спб;https://aso-cdo.ru/spb/professionalnaya-perepodgotovka/selskoe-hozyajstvo-pp/zoopsihologiya/
dubrovinaphoto.com;Госзакупки и снабжение;2026-04-22 16:53;https://dubrovinaphoto.com/goszakupki-i-snabzhenie/specialist-po-zakupkam-v-spb-obuchenie-i-karera/;специалист по закупкам обучение спб;https://aso-cdo.ru/spb/professionalnaya-perepodgotovka/zakupki/speczialist-po-zakupkam/
solbrasil.ru;Образование в Петербурге;2026-04-21 15:33;https://solbrasil.ru/obrazovanie-v-peterburge/top-5-obrazovatelnyh-centrov-sankt-peterburga/;aso-cdo.ru/spb;https://aso-cdo.ru/spb/
yarfido.ru;Профессии и навыки;2026-04-17 09:48;https://yarfido.ru/professii-i-navyki/akademija-sovremennogo-obrazovanija-obzor-programm/;академия современного образования;https://aso-cdo.ru/spb/
