Сайт ID	Домен	Рубрика	Тип	Тема статьи	URL статьи	Дата	Анкор	Целевая ссылка
1	rt-covid19.ru	Профессии и обучение в Красноярске	тематическая	Рабочие профессии Красноярска: какие специальности можно освоить с нуля	https://rt-covid19.ru/professii-i-obuchenie-v-krasnojarske/rabochie-professii-krasnojarska-s-nulja/	2026-04-23		
1	rt-covid19.ru	Профессии и обучение в Красноярске	траст	Кто такой лаборант химического анализа и чем он занимается	https://rt-covid19.ru/professii-i-obuchenie-v-krasnojarske/kto-takoj-laborant-himicheskogo-analiza/	2026-04-24	химический анализ	https://ru.wikipedia.org/wiki/Химический_анализ
1	rt-covid19.ru	Профессии и обучение в Красноярске	анкор клиента	Лаборант химического анализа: как пройти обучение и начать карьеру	https://rt-covid19.ru/professii-i-obuchenie-v-krasnojarske/laborant-himicheskogo-analiza-put-v-professiju/	2026-04-26	лаборант химического анализа обучение	https://aso-cdo.ru/krasnoyarsk/rabochie-professii/laborant-himicheskogo-analiza/
1	rt-covid19.ru	Профессии и обучение в Красноярске	тематическая	Где работают лаборанты химического анализа: отрасли и предприятия Красноярского края	https://rt-covid19.ru/professii-i-obuchenie-v-krasnojarske/gde-rabotajut-laboranty-himicheskogo-analiza-2/	2026-04-28		
1	rt-covid19.ru	Профессии и обучение в Красноярске	траст	Зарплаты рабочих специальностей в Красноярске: обзор рынка труда	https://rt-covid19.ru/professii-i-obuchenie-v-krasnojarske/zarplaty-rabochih-v-krasnojarske-obzor-rynka/	2026-04-29	Росстат	https://rosstat.gov.ru/
1	rt-covid19.ru	Профессии и обучение в Красноярске	тематическая	Как выбрать учебный центр для получения рабочей профессии	https://rt-covid19.ru/professii-i-obuchenie-v-krasnojarske/kak-vybrat-uchebnyj-centr-dlja-rabochej-professii/	2026-04-30		
2	cover-grouping.ru	Карьера и переобучение	тематическая	Зачем менять профессию: когда переобучение действительно оправдано	https://cover-grouping.ru/karera-i-pereobuchenie/zachem-menjat-professiju-kogda-pereobuchenie-opravdano/	2026-04-24		
2	cover-grouping.ru	Карьера и переобучение	анкор клиента	Профессиональная переподготовка в Красноярске: как это работает	https://cover-grouping.ru/karera-i-pereobuchenie/professionalnaja-perepodgotovka-v-krasnojarske/	2026-04-26	профессиональная переподготовка	https://aso-cdo.ru/krasnoyarsk/professionalnaya-perepodgotovka/
2	cover-grouping.ru	Карьера и переобучение	траст	Чем переподготовка отличается от повышения квалификации	https://cover-grouping.ru/karera-i-pereobuchenie/perepodgotovka-i-povyshenie-kvalifikacii-raznica/	2026-04-28	Закон об образовании	https://www.consultant.ru/document/cons_doc_LAW_140174/
2	cover-grouping.ru	Карьера и переобучение	тематическая	ТОП востребованных направлений переобучения в Красноярском крае	https://cover-grouping.ru/karera-i-pereobuchenie/top-napravlenij-pereobuchenija-v-krasnojarskom-krae/	2026-04-29		
2	cover-grouping.ru	Карьера и переобучение	траст	Как проверить лицензию учебного центра перед оплатой	https://cover-grouping.ru/karera-i-pereobuchenie/kak-proverit-licenziju-uchebnogo-centra/	2026-04-30	Рособрнадзор	https://obrnadzor.gov.ru/
2	cover-grouping.ru	Карьера и переобучение	тематическая	Как совмещать работу и учёбу: советы для занятых	https://cover-grouping.ru/karera-i-pereobuchenie/kak-sovmeshhat-rabotu-i-uchjobu-bez-vygoranija/	2026-05-01		
3	arshta.org	Лаборатория и анализ	тематическая	Что делает химическая лаборатория на современном производстве	https://arshta.org/laboratorija-i-analiz/rol-himicheskoj-laboratorii-na-proizvodstve/	2026-04-26		
3	arshta.org	Лаборатория и анализ	тематическая	Современное оборудование химических лабораторий	https://arshta.org/laboratorija-i-analiz/sovremennoe-oborudovanie-himicheskih-laboratorij/	2026-04-28		
3	arshta.org	Лаборатория и анализ	траст	Профессия лаборант: обязанности и требования	https://arshta.org/laboratorija-i-analiz/professija-laborant-zadachi-i-trebovanija/	2026-04-30	лаборант	https://ru.wikipedia.org/wiki/Лаборант
3	arshta.org	Лаборатория и анализ	анкор клиента	Обучение на лаборанта химического анализа в Красноярске	https://arshta.org/laboratorija-i-analiz/obuchenie-na-laboranta-himanaliza-v-krasnojarske/	2026-05-02	лаборант химического анализа обучение красноярск	https://aso-cdo.ru/krasnoyarsk/rabochie-professii/laborant-himicheskogo-analiza/
3	arshta.org	Лаборатория и анализ	траст	Профессиональные стандарты для работников лабораторий	https://arshta.org/laboratorija-i-analiz/professionalnye-standarty-dlja-laboratorij-2/	2026-05-04	профстандарты	https://profstandart.rosmintrud.ru/
3	arshta.org	Лаборатория и анализ	тематическая	Карьерный путь лаборанта: от стажёра до руководителя	https://arshta.org/laboratorija-i-analiz/karernyj-put-laboranta-ot-stazhjora-do-rukovoditelja/	2026-05-05		
4	photo-test.ru	Охрана труда и безопасность	тематическая	Зачем предприятию специалист по охране труда	https://photo-test.ru/ohrana-truda-i-bezopasnost/zachem-predprijatiju-specialist-po-ohrane-truda/	2026-04-27		
4	photo-test.ru	Охрана труда и безопасность	траст	Основные требования охраны труда на производстве	https://photo-test.ru/ohrana-truda-i-bezopasnost/osnovnye-trebovanija-ohrany-truda-na-proizvodstve/	2026-04-28	охрана труда	https://ru.wikipedia.org/wiki/Охрана_труда
4	photo-test.ru	Охрана труда и безопасность	анкор клиента	Обучение по охране труда в Красноярске: программы и форматы	https://photo-test.ru/ohrana-truda-i-bezopasnost/obuchenie-po-ohrane-truda-v-krasnojarske/	2026-04-30	обучение по охране труда красноярск	https://aso-cdo.ru/krasnoyarsk/obuchenie-po-ohrane-truda/
4	photo-test.ru	Охрана труда и безопасность	тематическая	Как проходит проверка по охране труда на предприятии	https://photo-test.ru/ohrana-truda-i-bezopasnost/kak-prohodit-proverka-po-ohrane-truda-2/	2026-05-01		
4	photo-test.ru	Охрана труда и безопасность	траст	Обязанности работодателя по охране труда	https://photo-test.ru/ohrana-truda-i-bezopasnost/objazannosti-rabotodatelja-po-ohrane-truda/	2026-05-02	Минтруд	https://mintrud.gov.ru/
4	photo-test.ru	Охрана труда и безопасность	тематическая	Типичные нарушения охраны труда и как их избежать	https://photo-test.ru/ohrana-truda-i-bezopasnost/tipichnye-narushenija-ohrany-truda-i-ih-profilaktika/	2026-05-03		
5	fermatastyle.ru	Сварочное дело	тематическая	Профессия сварщика: почему она остаётся востребованной	https://fermatastyle.ru/svarochnoe-delo/professija-svarshhika-pochemu-ona-vostrebovana/	2026-04-28		
5	fermatastyle.ru	Сварочное дело	анкор клиента	Электрогазосварщик: обучение в Красноярске с нуля	https://fermatastyle.ru/svarochnoe-delo/jelektrogazosvarshhik-obuchenie-v-krasnojarske-s-nulja/	2026-04-29	электрогазосварщик обучение красноярск	https://aso-cdo.ru/krasnoyarsk/rabochie-professii/elektrogazosvarshhik/
5	fermatastyle.ru	Сварочное дело	траст	Виды сварки и их применение	https://fermatastyle.ru/svarochnoe-delo/vidy-svarki-i-ih-primenenie/	2026-05-01	сварка	https://ru.wikipedia.org/wiki/Сварка
5	fermatastyle.ru	Сварочное дело	тематическая	Разряды сварщиков: что они означают и как повышаются	https://fermatastyle.ru/svarochnoe-delo/razrjady-svarshhikov-chto-oni-oznachajut/	2026-05-02		
5	fermatastyle.ru	Сварочное дело	траст	Требования промышленной безопасности при сварочных работах	https://fermatastyle.ru/svarochnoe-delo/prombezopasnost-pri-svarochnyh-rabotah/	2026-05-03	Ростехнадзор	https://www.gosnadzor.ru/
5	fermatastyle.ru	Сварочное дело	тематическая	Сколько зарабатывает сварщик в Красноярске	https://fermatastyle.ru/svarochnoe-delo/skolko-zarabatyvaet-svarshhik-v-krasnojarske/	2026-05-04		
6	ulcus.ru	Дезинфекция и санитария	тематическая	Кто такой дезинфектор и где он работает	https://ulcus.ru/dezinfekcija-i-sanitarija/kto-takoj-dezinfektor-i-gde-on-rabotaet/	2026-04-29		
6	ulcus.ru	Дезинфекция и санитария	тематическая	Чем занимается служба дезинфекции	https://ulcus.ru/dezinfekcija-i-sanitarija/chem-zanimaetsja-sluzhba-dezinfekcii/	2026-04-30		
6	ulcus.ru	Дезинфекция и санитария	траст	Что такое дезинфекция, дезинсекция и дератизация	https://ulcus.ru/dezinfekcija-i-sanitarija/dezinfekcija-dezinsekcija-i-deratizacija-v-chem-raznica/	2026-05-02	дезинфекция	https://ru.wikipedia.org/wiki/Дезинфекция
6	ulcus.ru	Дезинфекция и санитария	анкор клиента	Обучение на дезинфектора дистанционно: как пройти курс	https://ulcus.ru/dezinfekcija-i-sanitarija/kak-projti-obuchenie-na-dezinfektora-distancionno/	2026-05-03	обучение на дезинфектора дистанционно	https://aso-cdo.ru/krasnoyarsk/rabochie-professii/mediczinskij-dezinfektor/
6	ulcus.ru	Дезинфекция и санитария	траст	Санитарные требования к дезинфекционным работам	https://ulcus.ru/dezinfekcija-i-sanitarija/sanitarnye-trebovanija-k-dezinfekcionnym-rabotam/	2026-05-04	Роспотребнадзор	https://www.rospotrebnadzor.ru/
6	ulcus.ru	Дезинфекция и санитария	тематическая	Средства и методы современной дезинфекции	https://ulcus.ru/dezinfekcija-i-sanitarija/sredstva-i-metody-sovremennoj-dezinfekcii/	2026-05-06		
7	liveandcreate.ru	Рабочие специальности	тематическая	Почему рабочие профессии снова в тренде	https://liveandcreate.ru/rabochie-specialnosti/pochemu-rabochie-professii-snova-v-trende/	2026-05-01		
7	liveandcreate.ru	Рабочие специальности	траст	Рынок труда рабочих специальностей в России	https://liveandcreate.ru/rabochie-specialnosti/rynok-truda-rabochih-specialnostej-v-rossii/	2026-05-03	Росстат	https://rosstat.gov.ru/
7	liveandcreate.ru	Рабочие специальности	анкор клиента	Обучение рабочим профессиям: с чего начать	https://liveandcreate.ru/rabochie-specialnosti/obuchenie-rabochim-professijam-s-chego-nachat/	2026-05-05	обучение рабочим профессиям	https://aso-cdo.ru/krasnoyarsk/rabochie-professii/
7	liveandcreate.ru	Рабочие специальности	тематическая	ТОП рабочих профессий для быстрого старта карьеры	https://liveandcreate.ru/rabochie-specialnosti/top-rabochih-professij-dlja-bystrogo-starta/	2026-05-06		
7	liveandcreate.ru	Рабочие специальности	траст	Где искать вакансии по рабочим специальностям	https://liveandcreate.ru/rabochie-specialnosti/gde-iskat-vakansii-po-rabochim-specialnostjam/	2026-05-08	Работа России	https://trudvsem.ru/
7	liveandcreate.ru	Рабочие специальности	тематическая	Рабочая профессия или офис: где выше доход	https://liveandcreate.ru/rabochie-specialnosti/rabochaja-professija-ili-ofis-gde-vyshe-dohod/	2026-05-09		
8	ballare-mag.com	Складская техника и логистика	тематическая	Водитель погрузчика: чем занимается и где востребован	https://ballare-mag.com/skladskaja-tehnika-i-logistika/voditel-pogruzchika-objazannosti-i-spros/	2026-05-02		
8	ballare-mag.com	Складская техника и логистика	анкор клиента	Обучение на водителя погрузчика: что входит в программу курса	https://ballare-mag.com/skladskaja-tehnika-i-logistika/obuchenie-na-voditelja-pogruzchika-programma-kursa/	2026-05-03	обучение на водителя погрузчика	https://aso-cdo.ru/krasnoyarsk/rabochie-professii/voditel-pogruzchika/
8	ballare-mag.com	Складская техника и логистика	траст	Виды погрузчиков и их назначение	https://ballare-mag.com/skladskaja-tehnika-i-logistika/vidy-pogruzchikov-i-ih-naznachenie/	2026-05-05	погрузчик	https://ru.wikipedia.org/wiki/Погрузчик
8	ballare-mag.com	Складская техника и логистика	тематическая	Как получить удостоверение водителя погрузчика	https://ballare-mag.com/skladskaja-tehnika-i-logistika/kak-poluchit-udostoverenie-voditelja-pogruzchika/	2026-05-06		
8	ballare-mag.com	Складская техника и логистика	траст	Требования безопасности при работе на погрузчике	https://ballare-mag.com/skladskaja-tehnika-i-logistika/bezopasnost-pri-rabote-na-pogruzchike/	2026-05-07	Ростехнадзор	https://www.gosnadzor.ru/
8	ballare-mag.com	Складская техника и логистика	тематическая	Сколько зарабатывает водитель погрузчика	https://ballare-mag.com/skladskaja-tehnika-i-logistika/skolko-zarabatyvaet-voditel-pogruzchika/	2026-05-09		
9	beauty-invest.ru	Безопасность на предприятии	тематическая	Система управления охраной труда: как она устроена	https://beauty-invest.ru/bezopasnost-na-predprijatii/sistema-upravlenija-ohranoj-truda-kak-ona-ustroena/	2026-05-04		
9	beauty-invest.ru	Безопасность на предприятии	тематическая	Инструктажи по охране труда: виды и периодичность	https://beauty-invest.ru/bezopasnost-na-predprijatii/instruktazhi-po-ohrane-truda-vidy-i-periodichnost/	2026-05-05		
9	beauty-invest.ru	Безопасность на предприятии	траст	Расследование несчастных случаев на производстве	https://beauty-invest.ru/bezopasnost-na-predprijatii/rassledovanie-neschastnyh-sluchaev-na-proizvodstve/	2026-05-06	охрана труда	https://ru.wikipedia.org/wiki/Охрана_труда
9	beauty-invest.ru	Безопасность на предприятии	анкор клиента	Где пройти обучение по охране труда в Красноярске	https://beauty-invest.ru/bezopasnost-na-predprijatii/gde-projti-obuchenie-po-ohrane-truda-v-krasnojarske/	2026-05-08	обучение по охране труда красноярск	https://aso-cdo.ru/krasnoyarsk/obuchenie-po-ohrane-truda/
9	beauty-invest.ru	Безопасность на предприятии	траст	Государственный надзор за охраной труда	https://beauty-invest.ru/bezopasnost-na-predprijatii/gosudarstvennyj-nadzor-za-ohranoj-truda/	2026-05-09	Минтруд	https://mintrud.gov.ru/
9	beauty-invest.ru	Безопасность на предприятии	тематическая	Средства индивидуальной защиты: что нужно знать работнику	https://beauty-invest.ru/bezopasnost-na-predprijatii/sredstva-individualnoj-zashhity-chto-nuzhno-znat/	2026-05-11		
10	antigravityrussia.ru	Оценка и недвижимость	тематическая	Профессия оценщик: чем он занимается и сколько зарабатывает	https://antigravityrussia.ru/ocenka-i-nedvizhimost/professija-ocenshhik-zadachi-i-dohod/	2026-05-06		
10	antigravityrussia.ru	Оценка и недвижимость	траст	Как устроена оценка стоимости недвижимости	https://antigravityrussia.ru/ocenka-i-nedvizhimost/kak-formiruetsja-stoimost-nedvizhimosti/	2026-05-08	оценка недвижимости	https://ru.wikipedia.org/wiki/Оценка_недвижимости
10	antigravityrussia.ru	Оценка и недвижимость	анкор клиента	Оценщик недвижимости: обучение и старт в профессии	https://antigravityrussia.ru/ocenka-i-nedvizhimost/ocenshhik-nedvizhimosti-kak-vojti-v-professiju/	2026-05-10	оценщик недвижимости обучение	https://aso-cdo.ru/krasnoyarsk/professionalnaya-perepodgotovka/ocenochnaya-deyatelnost-pp/oczenka-nedvizhimosti/
10	antigravityrussia.ru	Оценка и недвижимость	тематическая	Когда нужна независимая оценка недвижимости	https://antigravityrussia.ru/ocenka-i-nedvizhimost/kogda-nuzhna-nezavisimaja-ocenka-nedvizhimosti/	2026-05-12		
10	antigravityrussia.ru	Оценка и недвижимость	траст	Рынок недвижимости России в цифрах	https://antigravityrussia.ru/ocenka-i-nedvizhimost/rynok-nedvizhimosti-rossii-v-cifrah/	2026-05-13	Росстат	https://rosstat.gov.ru/
10	antigravityrussia.ru	Оценка и недвижимость	тематическая	Как стать частнопрактикующим оценщиком	https://antigravityrussia.ru/ocenka-i-nedvizhimost/kak-stat-chastnopraktikujushhim-ocenshhikom/	2026-05-14		
11	lyadeputti.ru	Работа на складе в Москве	тематическая	Складские профессии Москвы: спрос и зарплаты	https://lyadeputti.ru/rabota-na-sklade-v-moskve/skladskie-professii-moskvy-spros-i-zarplaty/	2026-05-08		
11	lyadeputti.ru	Работа на складе в Москве	анкор клиента	Где отучиться на погрузчик в Москве	https://lyadeputti.ru/rabota-na-sklade-v-moskve/gde-otuchitsja-na-pogruzchik-v-moskve/	2026-05-09	отучиться на погрузчик в москве	https://aso-cdo.ru/moskva/rabochie-professii/voditel-pogruzchika/
11	lyadeputti.ru	Работа на складе в Москве	траст	Что такое вилочный погрузчик и как он устроен	https://lyadeputti.ru/rabota-na-sklade-v-moskve/chto-takoe-vilochnyj-pogruzchik-i-kak-on-ustroen/	2026-05-11	погрузчик	https://ru.wikipedia.org/wiki/Погрузчик
11	lyadeputti.ru	Работа на складе в Москве	тематическая	Как устроиться водителем погрузчика без опыта	https://lyadeputti.ru/rabota-na-sklade-v-moskve/kak-stat-voditelem-pogruzchika-bez-opyta/	2026-05-12		
11	lyadeputti.ru	Работа на складе в Москве	траст	Поиск вакансий водителя погрузчика в Москве	https://lyadeputti.ru/rabota-na-sklade-v-moskve/poisk-vakansij-voditelja-pogruzchika-v-moskve/	2026-05-13	HeadHunter	https://hh.ru/
11	lyadeputti.ru	Работа на складе в Москве	тематическая	Карьера на складе: от грузчика до начальника смены	https://lyadeputti.ru/rabota-na-sklade-v-moskve/karera-na-sklade-put-k-nachalniku-smeny/	2026-05-15		
12	bcuran.ru	Дистанционное обучение профессиям	тематическая	Можно ли освоить рабочую профессию дистанционно	https://bcuran.ru/distancionnoe-obuchenie-professijam/mozhno-li-osvoit-rabochuju-professiju-distancionno/	2026-05-09		
12	bcuran.ru	Дистанционное обучение профессиям	траст	Как выбрать онлайн-курс рабочей специальности	https://bcuran.ru/distancionnoe-obuchenie-professijam/kak-vybrat-onlajn-kurs-rabochej-specialnosti/	2026-05-10	профстандарты	https://profstandart.rosmintrud.ru/
12	bcuran.ru	Дистанционное обучение профессиям	анкор клиента	Дистанционное обучение на водителя погрузчика	https://bcuran.ru/distancionnoe-obuchenie-professijam/distancionnoe-obuchenie-na-voditelja-pogruzchika/	2026-05-11	дистанционное обучение водитель погрузчика	https://aso-cdo.ru/moskva/rabochie-professii/voditel-pogruzchika/
12	bcuran.ru	Дистанционное обучение профессиям	тематическая	Как проходит практика при дистанционном обучении	https://bcuran.ru/distancionnoe-obuchenie-professijam/kak-prohodit-praktika-pri-distancionnom-obuchenii/	2026-05-12		
12	bcuran.ru	Дистанционное обучение профессиям	траст	Документы об обучении: что должно выдать учебное заведение	https://bcuran.ru/distancionnoe-obuchenie-professijam/dokumenty-ob-obuchenii-chto-objazany-vydat/	2026-05-14	Рособрнадзор	https://obrnadzor.gov.ru/
12	bcuran.ru	Дистанционное обучение профессиям	тематическая	Плюсы и минусы дистанционного формата обучения	https://bcuran.ru/distancionnoe-obuchenie-professijam/pljusy-i-minusy-distancionnogo-obuchenija/	2026-05-15		
13	kgdink.ru	Профессия водитель погрузчика	тематическая	Один день из жизни водителя погрузчика	https://kgdink.ru/professija-voditel-pogruzchika/odin-den-iz-zhizni-voditelja-pogruzchika/	2026-05-11		
13	kgdink.ru	Профессия водитель погрузчика	тематическая	Какие бывают погрузчики: электрические и дизельные	https://kgdink.ru/professija-voditel-pogruzchika/kakie-byvajut-pogruzchiki-jelektricheskie-i-dizelnye/	2026-05-12		
13	kgdink.ru	Профессия водитель погрузчика	траст	Устройство и принцип работы погрузчика	https://kgdink.ru/professija-voditel-pogruzchika/ustrojstvo-i-princip-raboty-pogruzchika/	2026-05-14	погрузчик	https://ru.wikipedia.org/wiki/Погрузчик
13	kgdink.ru	Профессия водитель погрузчика	анкор клиента	Обучение на водителя погрузчика в Москве: цены и сроки	https://kgdink.ru/professija-voditel-pogruzchika/obuchenie-na-voditelja-pogruzchika-v-moskve/	2026-05-16	обучение на водителя погрузчика в москве	https://aso-cdo.ru/moskva/rabochie-professii/voditel-pogruzchika/
13	kgdink.ru	Профессия водитель погрузчика	траст	Правила безопасной эксплуатации погрузчиков	https://kgdink.ru/professija-voditel-pogruzchika/pravila-bezopasnoj-jekspluatacii-pogruzchikov/	2026-05-17	Ростехнадзор	https://www.gosnadzor.ru/
13	kgdink.ru	Профессия водитель погрузчика	тематическая	Что проверяют на экзамене у будущего водителя погрузчика	https://kgdink.ru/?p=107	2026-05-19		
14	techfile.ru	Обучение и переквалификация	тематическая	Когда стоит сменить профессию на рабочую	https://techfile.ru/obuchenie-i-perekvalifikacija/kogda-stoit-smenit-professiju-na-rabochuju/	2026-05-13		
14	techfile.ru	Обучение и переквалификация	анкор клиента	Дистанционное обучение на погрузчик: как это работает	https://techfile.ru/obuchenie-i-perekvalifikacija/distancionnoe-obuchenie-na-pogruzchik-kak-jeto-rabotaet/	2026-05-14	дистанционное обучение на погрузчик	https://aso-cdo.ru/moskva/rabochie-professii/voditel-pogruzchika/
14	techfile.ru	Обучение и переквалификация	траст	Профессиональное обучение в России: формы и сроки	https://techfile.ru/obuchenie-i-perekvalifikacija/professionalnoe-obuchenie-v-rossii-formy-i-sroki/	2026-05-16	Закон об образовании	https://www.consultant.ru/document/cons_doc_LAW_140174/
14	techfile.ru	Обучение и переквалификация	тематическая	Сколько длится обучение на водителя погрузчика	https://techfile.ru/obuchenie-i-perekvalifikacija/skolko-uchitsja-na-voditelja-pogruzchika/	2026-05-17		
14	techfile.ru	Обучение и переквалификация	траст	Зарплаты рабочих профессий по регионам России	https://techfile.ru/?p=125	2026-05-19	Росстат	https://rosstat.gov.ru/
14	techfile.ru	Обучение и переквалификация	тематическая	Как совмещать обучение с основной работой	https://techfile.ru/?p=126	2026-05-20		
15	prforce.ru	Курсы рабочих профессий	тематическая	Как выбрать курсы рабочей профессии и не ошибиться	https://prforce.ru/kursy-rabochih-professij/kak-vybrat-kursy-rabochej-professii-bez-oshibok/	2026-05-14		
15	prforce.ru	Курсы рабочих профессий	траст	На что обратить внимание при выборе учебного центра	https://prforce.ru/kursy-rabochih-professij/kak-vybrat-uchebnyj-centr-bez-oshibok/	2026-05-16	Рособрнадзор	https://obrnadzor.gov.ru/
15	prforce.ru	Курсы рабочих профессий	анкор клиента	Курсы водителя погрузчика в Москве: обзор программ	https://prforce.ru/kursy-rabochih-professij/kursy-voditelja-pogruzchika-v-moskve-obzor-programm/	2026-05-17	курсы водителя погрузчика в москве	https://aso-cdo.ru/moskva/rabochie-professii/voditel-pogruzchika/
15	prforce.ru	Курсы рабочих профессий	тематическая	Что входит в программу курса водителя погрузчика	https://prforce.ru/kursy-rabochih-professij/chto-vhodit-v-programmu-kursa-voditelja-pogruzchika/	2026-05-18		
15	prforce.ru	Курсы рабочих профессий	траст	Категории и удостоверения для управления спецтехникой	https://prforce.ru/?p=145	2026-05-20	Ростехнадзор	https://www.gosnadzor.ru/
15	prforce.ru	Курсы рабочих профессий	тематическая	Трудоустройство после курсов: насколько это реально	https://prforce.ru/?p=146	2026-05-21		
16	top-audit.ru	Цены на обучение профессиям	тематическая	Сколько стоит освоить рабочую профессию в Москве	https://top-audit.ru/ceny-na-obuchenie-professijam/skolko-stoit-osvoit-rabochuju-professiju-v-moskve/	2026-05-15		
16	top-audit.ru	Цены на обучение профессиям	тематическая	От чего зависит цена обучения на спецтехнику	https://top-audit.ru/ceny-na-obuchenie-professijam/ot-chego-zavisit-cena-obuchenija-na-spectehniku/	2026-05-16		
16	top-audit.ru	Цены на обучение профессиям	траст	Как не переплатить за курсы: практические советы	https://top-audit.ru/ceny-na-obuchenie-professijam/kak-ne-pereplatit-za-kursy/	2026-05-17	HeadHunter	https://hh.ru/
16	top-audit.ru	Цены на обучение профессиям	анкор клиента	Обучение на водителя погрузчика в Москве: из чего складывается цена	https://top-audit.ru/?p=127	2026-05-19	обучение на водителя погрузчика в москве цена	https://aso-cdo.ru/moskva/rabochie-professii/voditel-pogruzchika/
16	top-audit.ru	Цены на обучение профессиям	траст	Налоговый вычет за обучение: как вернуть часть денег	https://top-audit.ru/?p=128	2026-05-21	КонсультантПлюс	https://www.consultant.ru/
16	top-audit.ru	Цены на обучение профессиям	тематическая	Окупаются ли вложения в обучение на водителя погрузчика	https://top-audit.ru/?p=129	2026-05-23		
17	omegabay.ru	Спецтехника и её операторы	тематическая	Кто управляет складской спецтехникой	https://omegabay.ru/spectehnika-i-ejo-operatory/kto-upravljaet-skladskoj-spectehnikoj/	2026-05-16		
17	omegabay.ru	Спецтехника и её операторы	анкор клиента	Обучение на погрузчик в Москве: из чего складывается цена	https://omegabay.ru/spectehnika-i-ejo-operatory/obuchenie-na-pogruzchik-v-moskve-cena-i-faktory/	2026-05-18	обучение на погрузчик в москве цена	https://aso-cdo.ru/moskva/rabochie-professii/voditel-pogruzchika/
17	omegabay.ru	Спецтехника и её операторы	траст	Виды складской и подъёмной техники	https://omegabay.ru/?p=108	2026-05-19	погрузчик	https://ru.wikipedia.org/wiki/Погрузчик
17	omegabay.ru	Спецтехника и её операторы	тематическая	Как выбрать формат обучения: очно или онлайн	https://omegabay.ru/?p=109	2026-05-20		
17	omegabay.ru	Спецтехника и её операторы	траст	Профессиональные стандарты операторов спецтехники	https://omegabay.ru/?p=110	2026-05-21	профстандарты	https://profstandart.rosmintrud.ru/
17	omegabay.ru	Спецтехника и её операторы	тематическая	Что нужно знать новичку перед обучением	https://omegabay.ru/?p=111	2026-05-23		
18	property-in-alanya.ru	Старт в рабочей профессии	тематическая	Рабочие профессии без опыта: с чего начать	https://property-in-alanya.ru/start-v-rabochej-professii/rabochie-professii-bez-opyta-s-chego-nachat/	2026-05-17		
18	property-in-alanya.ru	Старт в рабочей профессии	траст	Где искать первую работу по рабочей специальности	https://property-in-alanya.ru/start-v-rabochej-professii/gde-iskat-pervuju-rabotu-po-specialnosti/	2026-05-18	Работа России	https://trudvsem.ru/
18	property-in-alanya.ru	Старт в рабочей профессии	анкор клиента	Учиться на водителя погрузчика в Москве: пошаговый путь	https://property-in-alanya.ru/?p=121	2026-05-20	учиться на водителя погрузчика в москве	https://aso-cdo.ru/moskva/rabochie-professii/voditel-pogruzchika/
18	property-in-alanya.ru	Старт в рабочей профессии	тематическая	Какие навыки нужны водителю погрузчика	https://property-in-alanya.ru/?p=122	2026-05-22		
18	property-in-alanya.ru	Старт в рабочей профессии	траст	Безопасность труда операторов погрузчиков	https://property-in-alanya.ru/?p=123	2026-05-23	охрана труда	https://ru.wikipedia.org/wiki/Охрана_труда
18	property-in-alanya.ru	Старт в рабочей профессии	тематическая	Перспективы карьерного роста на складе	https://property-in-alanya.ru/?p=124	2026-05-25		
19	speciallabel.ru	Логистика и склад	тематическая	Как работает современный складской комплекс	https://speciallabel.ru/logistika-i-sklad/kak-rabotaet-sovremennyj-skladskoj-kompleks/	2026-05-18		
19	speciallabel.ru	Логистика и склад	тематическая	Профессии складской логистики	https://speciallabel.ru/?p=134	2026-05-19		
19	speciallabel.ru	Логистика и склад	траст	Что такое складская логистика	https://speciallabel.ru/?p=135	2026-05-21	логистика	https://ru.wikipedia.org/wiki/Логистика
19	speciallabel.ru	Логистика и склад	анкор клиента	Обучение водителей погрузчиков: полезный ресурс	https://speciallabel.ru/?p=136	2026-05-22	https://aso-cdo.ru/moskva/rabochie-professii/voditel-pogruzchika/	https://aso-cdo.ru/moskva/rabochie-professii/voditel-pogruzchika/
19	speciallabel.ru	Логистика и склад	траст	Рынок труда в логистике Москвы	https://speciallabel.ru/?p=137	2026-05-23	HeadHunter	https://hh.ru/
19	speciallabel.ru	Логистика и склад	тематическая	Автоматизация склада: вытеснит ли техника людей	https://speciallabel.ru/?p=138	2026-05-24		
20	mai-hoshi.ru	Образование в Тюмени	тематическая	Где получить новую профессию в Тюмени	https://mai-hoshi.ru/?p=128	2026-05-20		
20	mai-hoshi.ru	Образование в Тюмени	анкор клиента	Профпереподготовка в Тюмени: куда пойти учиться	https://mai-hoshi.ru/?p=129	2026-05-21	профпереподготовка в Тюмени	https://aso-cdo.ru/tyumen/professionalnaya-perepodgotovka/
20	mai-hoshi.ru	Образование в Тюмени	траст	Что такое профессиональная переподготовка	https://mai-hoshi.ru/?p=130	2026-05-23	профессиональная переподготовка	https://ru.wikipedia.org/wiki/Профессиональная_переподготовка
20	mai-hoshi.ru	Образование в Тюмени	тематическая	Сколько длится переподготовка и от чего это зависит	https://mai-hoshi.ru/?p=131	2026-05-25		
20	mai-hoshi.ru	Образование в Тюмени	траст	Дополнительное профессиональное образование в законе	https://mai-hoshi.ru/?p=132	2026-05-26	Закон об образовании	https://www.consultant.ru/document/cons_doc_LAW_140174/
20	mai-hoshi.ru	Образование в Тюмени	тематическая	Как выбрать программу переподготовки в Тюмени	https://mai-hoshi.ru/?p=133	2026-05-27		
21	drunk-fish.ru	Смена профессии	тематическая	Когда пора менять профессию: главные признаки	https://drunk-fish.ru/?p=128	2026-05-22		
21	drunk-fish.ru	Смена профессии	траст	Рынок труда и востребованные профессии в России	https://drunk-fish.ru/?p=129	2026-05-24	Росстат	https://rosstat.gov.ru/
21	drunk-fish.ru	Смена профессии	анкор клиента	Профессиональная переподготовка: как сменить сферу деятельности	https://drunk-fish.ru/?p=130	2026-05-25	профессиональная переподготовка	https://aso-cdo.ru/tyumen/professionalnaya-perepodgotovka/
21	drunk-fish.ru	Смена профессии	тематическая	Мифы о переобучении взрослых	https://drunk-fish.ru/?p=131	2026-05-26		
21	drunk-fish.ru	Смена профессии	траст	Как проверить документ о переподготовке	https://drunk-fish.ru/?p=132	2026-05-27	Рособрнадзор	https://obrnadzor.gov.ru/
21	drunk-fish.ru	Смена профессии	тематическая	Истории успешной смены профессии	https://drunk-fish.ru/?p=133	2026-05-29		
22	unit-org.ru	Карьера и развитие	тематическая	Как расти в карьере после 30 лет	https://unit-org.ru/?p=152	2026-05-24		
22	unit-org.ru	Карьера и развитие	тематическая	Профессии будущего: к чему готовиться уже сейчас	https://unit-org.ru/?p=153	2026-05-25		
22	unit-org.ru	Карьера и развитие	траст	Непрерывное образование: зачем учиться всю жизнь	https://unit-org.ru/?p=154	2026-05-27	профессиональная переподготовка	https://ru.wikipedia.org/wiki/Профессиональная_переподготовка
22	unit-org.ru	Карьера и развитие	анкор клиента	Профессиональная переподготовка в Тюмени: программы и центры	https://unit-org.ru/?p=155	2026-05-28	профессиональная переподготовка в Тюмени	https://aso-cdo.ru/tyumen/professionalnaya-perepodgotovka/
22	unit-org.ru	Карьера и развитие	траст	Государственная поддержка переобучения граждан	https://unit-org.ru/?p=156	2026-05-29	Работа России	https://trudvsem.ru/
22	unit-org.ru	Карьера и развитие	тематическая	Как поставить цель и выбрать новое направление	https://unit-org.ru/?p=157	2026-05-31		
23	kakudobrit.ru	Дополнительное образование	тематическая	Второе высшее или переподготовка: что выбрать	https://kakudobrit.ru/?p=105	2026-05-25		
23	kakudobrit.ru	Дополнительное образование	анкор клиента	Переподготовка на базе высшего образования в Тюмени	https://kakudobrit.ru/?p=106	2026-05-26	переподготовка на базе высшего образования в Тюмени	https://aso-cdo.ru/tyumen/professionalnaya-perepodgotovka/
23	kakudobrit.ru	Дополнительное образование	траст	Уровни профессионального образования в России	https://kakudobrit.ru/?p=107	2026-05-28	Закон об образовании	https://www.consultant.ru/document/cons_doc_LAW_140174/
23	kakudobrit.ru	Дополнительное образование	тематическая	Кому подходит переподготовка на базе диплома вуза	https://kakudobrit.ru/?p=108	2026-05-29		
23	kakudobrit.ru	Дополнительное образование	траст	Как государство контролирует качество образования	https://kakudobrit.ru/?p=109	2026-05-31	Рособрнадзор	https://obrnadzor.gov.ru/
23	kakudobrit.ru	Дополнительное образование	тематическая	Как переподготовка помогает в карьере	https://kakudobrit.ru/?p=110	2026-06-01		
24	стандарт72.рф	Переобучение взрослых	тематическая	Почему взрослому человеку полезно переобучаться	https://xn--72-6kcat7cxadjf.xn--p1ai/?p=100	2026-05-27		
24	стандарт72.рф	Переобучение взрослых	траст	Образование для взрослых: мировой опыт	https://xn--72-6kcat7cxadjf.xn--p1ai/?p=101	2026-05-29	профессиональная переподготовка	https://ru.wikipedia.org/wiki/Профессиональная_переподготовка
24	стандарт72.рф	Переобучение взрослых	анкор клиента	Переподготовка: как получить новую профессию быстро	https://xn--72-6kcat7cxadjf.xn--p1ai/?p=102	2026-05-30	переподготовка	https://aso-cdo.ru/tyumen/professionalnaya-perepodgotovka/
24	стандарт72.рф	Переобучение взрослых	тематическая	Сколько времени нужно на освоение новой профессии	https://xn--72-6kcat7cxadjf.xn--p1ai/?p=103	2026-06-01		
24	стандарт72.рф	Переобучение взрослых	траст	Где найти работу после переобучения	https://xn--72-6kcat7cxadjf.xn--p1ai/?p=104	2026-06-03	HeadHunter	https://hh.ru/
24	стандарт72.рф	Переобучение взрослых	тематическая	Как не бросить учёбу на полпути	https://xn--72-6kcat7cxadjf.xn--p1ai/?p=105	2026-06-04		
25	доступныйсервис.рф	Курсы и программы	тематическая	Чем курсы переподготовки отличаются от вузовских программ	https://xn--b1addncxgimfdeeo6j.xn--p1ai/?p=123	2026-05-28		
25	доступныйсервис.рф	Курсы и программы	тематическая	Как устроены программы дополнительного образования	https://xn--b1addncxgimfdeeo6j.xn--p1ai/?p=124	2026-05-29		
25	доступныйсервис.рф	Курсы и программы	траст	Документ о квалификации: что он даёт выпускнику	https://xn--b1addncxgimfdeeo6j.xn--p1ai/?p=125	2026-05-31	Рособрнадзор	https://obrnadzor.gov.ru/
25	доступныйсервис.рф	Курсы и программы	анкор клиента	Курсы профессиональной переподготовки: как выбрать	https://xn--b1addncxgimfdeeo6j.xn--p1ai/?p=126	2026-06-02	курсы профессиональной переподготовки	https://aso-cdo.ru/tyumen/professionalnaya-perepodgotovka/
25	доступныйсервис.рф	Курсы и программы	траст	Востребованные направления переобучения	https://xn--b1addncxgimfdeeo6j.xn--p1ai/?p=127	2026-06-04	Росстат	https://rosstat.gov.ru/
25	доступныйсервис.рф	Курсы и программы	тематическая	Дистанционные курсы переподготовки: за и против	https://xn--b1addncxgimfdeeo6j.xn--p1ai/?p=128	2026-06-05		
26	ledpnz.ru	Профессиональные курсы	тематическая	Как выбрать профессиональные курсы и не потратить деньги зря	https://ledpnz.ru/?p=120	2026-05-29		
26	ledpnz.ru	Профессиональные курсы	анкор клиента	Курсы переподготовки: с чего начать обучение	https://ledpnz.ru/?p=121	2026-05-31	курсы переподготовки	https://aso-cdo.ru/tyumen/professionalnaya-perepodgotovka/
26	ledpnz.ru	Профессиональные курсы	траст	Дополнительное профессиональное образование простыми словами	https://ledpnz.ru/?p=122	2026-06-02	профессиональная переподготовка	https://ru.wikipedia.org/wiki/Профессиональная_переподготовка
26	ledpnz.ru	Профессиональные курсы	тематическая	Сколько стоят курсы переподготовки	https://ledpnz.ru/?p=123	2026-06-04		
26	ledpnz.ru	Профессиональные курсы	траст	Как проверить учебный центр перед оплатой	https://ledpnz.ru/?p=124	2026-06-05	Рособрнадзор	https://obrnadzor.gov.ru/
26	ledpnz.ru	Профессиональные курсы	тематическая	Что делать после завершения курсов	https://ledpnz.ru/?p=125	2026-06-06		
27	promplo.ru	Учёба в Тюмени	тематическая	Возможности дополнительного образования в Тюмени	https://promplo.ru/?p=136	2026-05-31		
27	promplo.ru	Учёба в Тюмени	траст	Рынок труда Тюменской области: обзор	https://promplo.ru/?p=137	2026-06-01	Росстат	https://rosstat.gov.ru/
27	promplo.ru	Учёба в Тюмени	анкор клиента	Курсы переподготовки в Тюмени: обзор вариантов	https://promplo.ru/?p=138	2026-06-02	курсы переподготовки в Тюмени	https://aso-cdo.ru/tyumen/professionalnaya-perepodgotovka/
27	promplo.ru	Учёба в Тюмени	тематическая	Какие профессии можно освоить в Тюмени за пару месяцев	https://promplo.ru/?p=139	2026-06-03		
27	promplo.ru	Учёба в Тюмени	траст	Где искать работу в Тюмени после учёбы	https://promplo.ru/?p=140	2026-06-05	Работа России	https://trudvsem.ru/
27	promplo.ru	Учёба в Тюмени	тематическая	Как совместить курсы с основной работой	https://promplo.ru/?p=141	2026-06-07		
28	avtogear62.ru	Новая профессия	тематическая	Как понять, какая профессия вам подойдёт	https://avtogear62.ru/?p=133	2026-06-01		
28	avtogear62.ru	Новая профессия	тематическая	Профориентация для взрослых: с чего начать	https://avtogear62.ru/?p=134	2026-06-03		
28	avtogear62.ru	Новая профессия	траст	Что такое профпереподготовка простыми словами	https://avtogear62.ru/?p=135	2026-06-04	профессиональная переподготовка	https://ru.wikipedia.org/wiki/Профессиональная_переподготовка
28	avtogear62.ru	Новая профессия	анкор клиента	Проф переподготовка: короткий путь к новой профессии	https://avtogear62.ru/?p=136	2026-06-05	проф переподготовка	https://aso-cdo.ru/tyumen/professionalnaya-perepodgotovka/
28	avtogear62.ru	Новая профессия	траст	Поддержка занятости и переобучение населения	https://avtogear62.ru/?p=137	2026-06-06	Работа России	https://trudvsem.ru/
28	avtogear62.ru	Новая профессия	тематическая	Сколько зарабатывают после смены профессии	https://avtogear62.ru/?p=138	2026-06-08		
29	yellodigital.ru	Профессия и обучение	тематическая	Образование как инвестиция в карьеру	https://yellodigital.ru/?p=130	2026-06-03		
29	yellodigital.ru	Профессия и обучение	анкор клиента	Профессиональная переподготовка: ответы на главные вопросы	https://yellodigital.ru/?p=131	2026-06-04	профессиональная переподготовка	https://aso-cdo.ru/tyumen/professionalnaya-perepodgotovka/
29	yellodigital.ru	Профессия и обучение	траст	Как государство регулирует дополнительное образование	https://yellodigital.ru/?p=132	2026-06-06	Закон об образовании	https://www.consultant.ru/document/cons_doc_LAW_140174/
29	yellodigital.ru	Профессия и обучение	тематическая	Как выбрать направление переподготовки по душе	https://yellodigital.ru/?p=133	2026-06-07		
29	yellodigital.ru	Профессия и обучение	траст	Какие профессии сегодня нужны рынку труда	https://yellodigital.ru/?p=134	2026-06-09	Росстат	https://rosstat.gov.ru/
29	yellodigital.ru	Профессия и обучение	тематическая	Переподготовка: реальные сроки и результаты	https://yellodigital.ru/?p=135	2026-06-10		
