№	Сайт	Дата публикации	URL статьи	Анкор	Целевая ссылка
1	rt-covid19.ru	2026-05-30	https://rt-covid19.ru/arenda-fotozon-v-ekaterinburge/kak-vybrat-arendu-fotozony-v-ekaterinburge/	аренда фотозоны в Екатеринбурге	https://divent.ru/ekb/uslugi/fotozony/
2	cover-grouping.ru	2026-05-31	https://cover-grouping.ru/arenda-fotozon-v-moskve/kak-vybrat-fotozonu-v-arendu-v-moskve/	аренда фотозоны в Москве	https://divent.ru/uslugi/fotozony/
3	arshta.org	2026-05-31	https://arshta.org/fotozony-dlja-svadebnyh-ceremonij/kak-vybrat-fotozonu-v-arendu-v-ekaterinburge/	фотозона в аренду в Екатеринбурге	https://divent.ru/ekb/uslugi/fotozony/
4	photo-test.ru	2026-06-01	https://photo-test.ru/korporativnye-meroprijatija-i-foto-oformlenie/kak-vybrat-fotozonu-v-arendu-v-moskve/	фотозона в аренду в Москве	https://divent.ru/uslugi/fotozony/
5	fermatastyle.ru	2026-06-01	https://fermatastyle.ru/fotozony-v-ekaterinburge-trendy-i-formaty/kak-vybrat-fotozonu-v-arendu-v-ekaterinburge/	фотозона в аренду в Екатеринбурге	https://divent.ru/ekb/uslugi/fotozony/
6	ulcus.ru	2026-06-01	https://ulcus.ru/fotozony-na-massovyh-meroprijatijah/kak-vybrat-fotozonu-dlja-meroprijatija/	фотозона на мероприятие	https://divent.ru/uslugi/fotozony/
7	liveandcreate.ru	2026-06-02	https://liveandcreate.ru/arenda-fotozon-v-ekb-gid-po-vyboru/kak-vybrat-fotozonu-v-arendu-v-ekb/	фотозона в аренду Екб	https://divent.ru/ekb/uslugi/fotozony/
8	ballare-mag.com	2026-06-01	https://ballare-mag.com/event-industrija-moskvy-fotozony-i-oformlenie/kak-vybrat-fotozonu-na-meroprijatie/	аренда фотозоны на мероприятие	https://divent.ru/uslugi/fotozony/
9	beauty-invest.ru	2026-06-02	https://beauty-invest.ru/fotozony-v-ekaterinburge-dlja-biznesa/kak-vybrat-fotozonu-v-ekaterinburge/	фотозоны в Екатеринбурге	https://divent.ru/ekb/uslugi/fotozony/
10	antigravityrussia.ru	2026-06-02	https://antigravityrussia.ru/interaktivnye-fotozony-na-meroprijatijah/kak-vybrat-interaktivnuju-fotozonu/	аренда интерактивной фотозоны	https://divent.ru/uslugi/fotozony/
11	lyadeputti.ru	2026-06-04	https://lyadeputti.ru/fotozony-v-gorodskoj-srede/kak-vybrat-fotozonu-v-ekaterinburge/	фотозона в Екатеринбурге	https://divent.ru/ekb/uslugi/fotozony/
12	bcuran.ru	2026-06-03	https://bcuran.ru/arenda-fotozon-chto-vazhno-znat-zakazchiku/kak-vybrat-arendu-fotozony-gramotno/	аренда фотозоны	https://divent.ru/uslugi/fotozony/
13	kgdink.ru	2026-06-04	https://kgdink.ru/fotozony-v-ekaterinburge-podbor-po-sluchaju/kak-vybrat-fotozonu-v-ekb-bez-pereplat/	фотозона Екб	https://divent.ru/ekb/uslugi/fotozony/
14	techfile.ru	2026-06-04	https://techfile.ru/prazdnichnoe-oformlenie-fotozony-i-dekor/kak-vybrat-arendu-fotozon-gramotno/	аренда фотозон	https://divent.ru/uslugi/fotozony/
15	prforce.ru	2026-06-04	https://prforce.ru/fotozony-kak-chast-scenarija-meroprijatija/kak-vybrat-fotozonu-na-meroprijatie/	фотозона на мероприятие	https://divent.ru/ekb/uslugi/fotozony/
16	top-audit.ru	2026-06-04	https://top-audit.ru/led-tehnologii-v-oformlenii-fotozon/kak-vybrat-uglovuju-led-fotozonu/	угловая led фотозона	https://divent.ru/uslugi/svetodiodnaya-uglovaya-led-fotozona/
17	omegabay.ru	2026-06-06	https://omegabay.ru/arenda-fotozon-pod-sobytie-ljubogo-masshtaba/kak-vybrat-arendu-fotozony-gramotno/	аренда фотозоны	https://divent.ru/ekb/uslugi/fotozony/
18	property-in-alanya.ru	2026-06-07	https://property-in-alanya.ru/svetodiodnoe-oborudovanie-na-meroprijatijah/kak-vybrat-led-fotozonu-servis-i-bjudzhet/	led фотозона	https://divent.ru/uslugi/svetodiodnaya-uglovaya-led-fotozona/
19	speciallabel.ru	2026-06-07	https://speciallabel.ru/trendy-v-arende-fotozon/kak-vybrat-arendu-fotozon-gramotno/	аренда фотозон	https://divent.ru/ekb/uslugi/fotozony/
20	mai-hoshi.ru	2026-06-09	https://mai-hoshi.ru/led-fotozony-tehnicheskie-harakteristiki/kak-vybrat-led-fotozonu-dlja-arendy/	led фотозона аренда	https://divent.ru/uslugi/svetodiodnaya-uglovaya-led-fotozona/
21	drunk-fish.ru	2026-06-10	https://drunk-fish.ru/svadebnye-fotozony-v-ekaterinburge/kak-vybrat-fotozonu-na-svadbu-v-ekaterinburge/	фотозона на свадьбу в Екатеринбурге	https://divent.ru/ekb/uslugi/fotozony/
22	unit-org.ru	2026-06-10	https://unit-org.ru/led-oformlenie-massovyh-event-proektov/kak-vybrat-led-fotozonu-dlja-meroprijatija/	led фотозоны на мероприятие	https://divent.ru/uslugi/svetodiodnaya-uglovaya-led-fotozona/
23	kakudobrit.ru	2026-06-09	https://kakudobrit.ru/svadby-v-ekaterinburge-fotozony-i-dekor/kak-vybrat-fotozonu-na-svadbu-v-ekaterinburge/	фотозона на свадьбу в Екатеринбурге	https://divent.ru/ekb/uslugi/fotozony/
24	стандарт72.рф	2026-06-09	https://xn--72-6kcat7cxadjf.xn--p1ai/svetodiodnye-fotozony-preimushhestva-dlja-event/kak-vybrat-led-fotozonu-v-arendu/	светодиодная фотозона аренда	https://divent.ru/uslugi/svetodiodnaya-uglovaya-led-fotozona/
25	доступныйсервис.рф	2026-06-11	https://xn--b1addncxgimfdeeo6j.xn--p1ai/vypusknye-v-ekaterinburge-oformlenie-fotozon/kak-vybrat-fotozonu-na-vypusknoj-v-ekaterinburge/	фотозона на выпускной в Екатеринбурге	https://divent.ru/ekb/uslugi/fotozony-na-vipusknoy/
