№,Сайт,Дата публикации,URL статьи,Анкор,Целевая ссылка
1,pre100l.ru,2026-08-15,https://pre100l.ru/fotobudki-na-meroprijatijah-v-moskve/fotobudki-v-moskve-vybor-bez-pereplat/,фотобудки в Москве,https://divent.ru/uslugi/arenda-fotobudki/
2,solkmsb.ru,2026-08-17,https://solkmsb.ru/fotobudki-v-arendu-na-prazdniki/arenda-fotobudki-v-moskve-bez-pereplat/,аренда фотобудки в Москве,https://divent.ru/uslugi/arenda-fotobudki/
3,2semechki.ru,2026-08-17,https://2semechki.ru/event-foto-v-moskve/kak-vybrat-fotobudku-v-moskve-bez-pereplat/,фотобудка аренда Москва,https://divent.ru/uslugi/arenda-fotobudki/
4,m-e-d-a-l.ru,2026-08-12,https://m-e-d-a-l.ru/fotobudki-dlja-korporativov-v-ekaterinburge/arenda-fotobudki-v-ekaterinburge-bez-pereplat/,аренда фотобудки в Екатеринбурге,https://divent.ru/ekb/uslugi/arenda-fotobudki/
5,sibertek.ru,2026-08-18,https://sibertek.ru/fotobudki-v-ekaterinburge/fotobudka-ekb-kak-vybrat-i-ne-pereplatit/,фотобудка Екб,https://divent.ru/ekb/uslugi/arenda-fotobudki/
6,elintel.ru,2026-08-13,https://elintel.ru/iskusstvennyj-intellekt-v-event-fotografii/fotobudka-s-ii-v-moskve-vybor-bez-pereplat/,фотобудка с ИИ в Москве,https://divent.ru/uslugi/ii-fotobudka/
7,vsenamag.ru,2026-08-20,https://vsenamag.ru/fotobudka-na-prazdnik-v-ekaterinburge/arenda-fotobudki-v-ekaterinburge-bez-pereplat/,аренда фотобудки в Екатеринбурге,https://divent.ru/ekb/uslugi/arenda-fotobudki/
8,oybox.by,2026-08-20,https://oybox.by/roboty-v-arendu-v-moskve/arenda-robotov-v-moskve-bez-lishnih-zatrat/,аренда роботов в Москве,https://divent.ru/uslugi/roboty/
9,studio-santech.ru,2026-08-19,https://studio-santech.ru/led-fotozony-na-meroprijatijah-v-ekaterinburge/led-fotozona-na-meroprijatie-bez-pereplat/,led фотозоны на мероприятие,https://divent.ru/ekb/uslugi/svetodiodnaya-uglovaya-led-fotozona/
10,photoset-msk.ru,2026-08-21,https://photoset-msk.ru/arenda-fotobudok-v-moskve/fotobudka-v-moskve-kak-vybrat-bez-pereplat/,фотобудка в Москве,https://divent.ru/uslugi/arenda-fotobudki/
11,pro-covers.ru,2026-08-22,https://pro-covers.ru/svetodiodnye-fotozony/led-fotozona-kak-vybrat-podrjadchika/,led фотозона,https://divent.ru/ekb/uslugi/svetodiodnaya-uglovaya-led-fotozona/
12,pravo-or.org,2026-08-22,https://pravo-or.org/interaktivnye-formaty-na-meroprijatijah-v-moskve/kak-vybrat-interaktivy-na-meroprijatie-v-moskve/,интерактивы на мероприятие Москва,https://divent.ru/uslugi/osobie/
13,mybabyfoot.ru,2026-08-24,https://mybabyfoot.ru/roboty-oficianty-na-prazdnikah/robot-oficiant-v-moskve-vybor-bez-pereplat/,робот официант в Москве,https://divent.ru/uslugi/roboty/
14,edhall.ru,2026-08-24,https://edhall.ru/vizualnye-interaktivy-na-sobytijah/interaktivy-na-meroprijatie-bez-pereplat/,интерактивы на мероприятие,https://divent.ru/ekb/uslugi/vizualnye-interaktivy/
15,colorit-dv.ru,2026-08-23,https://colorit-dv.ru/uglovye-led-fotozony-v-ekaterinburge/uglovaja-led-fotozona-vybor-bez-pereplat/,угловая led фотозона,https://divent.ru/ekb/uslugi/svetodiodnaya-uglovaya-led-fotozona/
16,centr-audita.ru,2026-08-24,https://centr-audita.ru/fotozony-na-den-rozhdenija-v-ekaterinburge/fotozona-na-den-rozhdenija-vybor-bez-pereplat/,фотозона на день рождения в Екатеринбурге,https://divent.ru/ekb/uslugi/fotozony/
17,iscar-east.ru,2026-08-26,https://iscar-east.ru/svetodiodnye-jekrany-na-meroprijatijah-v-ekaterinburge/kak-vybrat-led-jekran-v-arendu-v-ekaterinburge/,аренда светодиодного экрана в Екатеринбурге,https://divent.ru/ekb/uslugi/svetodiodnyj-uglovoj-led-ekran/
18,dubrovinaphoto.com,2026-08-27,https://dubrovinaphoto.com/arenda-fotobudok-v-ekaterinburge/fotobudka-v-ekaterinburge-vybor-bez-pereplat/,фотобудка в Екатеринбурге,https://divent.ru/ekb/uslugi/arenda-fotobudki/
19,solbrasil.ru,2026-08-30,https://solbrasil.ru/arenda-svetodiodnyh-fotozon-v-ekaterinburge/kak-vybrat-led-fotozonu-i-ne-pereplatit/,светодиодная фотозона аренда,https://divent.ru/ekb/uslugi/svetodiodnaya-uglovaya-led-fotozona/
20,yarfido.ru,2026-08-30,https://yarfido.ru/proekcionnye-fotozony-i-mediakontent/proekcionnaja-fotozona-kak-vybrat-podrjadchika/,проекционная фотозона,https://divent.ru/ekb/uslugi/proekcionnaya-fotozona/
21,ledpnz.ru,2026-08-30,https://ledpnz.ru/neonovye-fotozony-i-led-room/neonovyj-tonnel-fotozona-vybor-bez-pereplat/,неоновый тоннель фотозона,https://divent.ru/uslugi/neonovaya-fotozona-led-room/
22,promplo.ru,2026-08-31,https://promplo.ru/fotobudki-s-nejrosetjami/fotobudka-s-nejrosetju-kak-vybrat-bez-pereplat/,фотобудка с нейросетью в Москве,https://divent.ru/uslugi/ii-fotobudka/
23,avtogear62.ru,2026-08-31,https://avtogear62.ru/arenda-robotov-dlja-event-proektov/arenda-robotov-na-meroprijatie-bez-pereplat/,аренда роботов на мероприятие,https://divent.ru/uslugi/roboty/
24,yellodigital.ru,2026-09-09,https://yellodigital.ru/roboty-na-meroprijatijah/skolko-stoit-arenda-robota-na-meroprijatie/,аренда робота на мероприятие,https://divent.ru/uslugi/roboty/
25,yellodigital.ru,2026-09-01,https://yellodigital.ru/roboty-na-meroprijatijah/robot-hudozhnik-na-meroprijatie-vybor-bez-pereplat/,робот художник на мероприятие,https://divent.ru/uslugi/robot-hudozhnik/
