Домен,URL статьи,Дата,Анкор,Целевая ссылка,Тема,Источник
2semechki.ru,https://2semechki.ru/event-foto-v-moskve/kak-vybrat-fotobudku-v-moskve-bez-pereplat/,2026-08-16,фотобудка аренда Москва,https://divent.ru/uslugi/arenda-fotobudki/,,campaign4_anchors.csv
antigravityrussia.ru,https://antigravityrussia.ru/ocenka-i-nedvizhimost/professija-ocenshhik-zadachi-i-dohod/,2026-05-06,,,Профессия оценщик: чем он занимается и сколько зарабатывает,campaign2_links
antigravityrussia.ru,https://antigravityrussia.ru/ocenka-i-nedvizhimost/kak-formiruetsja-stoimost-nedvizhimosti/,2026-05-08,оценка недвижимости,https://ru.wikipedia.org/wiki/Оценка_недвижимости,Как устроена оценка стоимости недвижимости,campaign2_links
antigravityrussia.ru,https://antigravityrussia.ru/ocenka-i-nedvizhimost/ocenshhik-nedvizhimosti-kak-vojti-v-professiju/,2026-05-10,оценщик недвижимости обучение,https://aso-cdo.ru/krasnoyarsk/professionalnaya-perepodgotovka/ocenochnaya-deyatelnost-pp/oczenka-nedvizhimosti/,Оценщик недвижимости: обучение и старт в профессии,campaign2_links
antigravityrussia.ru,https://antigravityrussia.ru/ocenka-i-nedvizhimost/kogda-nuzhna-nezavisimaja-ocenka-nedvizhimosti/,2026-05-12,,,Когда нужна независимая оценка недвижимости,campaign2_links
antigravityrussia.ru,https://antigravityrussia.ru/ocenka-i-nedvizhimost/rynok-nedvizhimosti-rossii-v-cifrah/,2026-05-13,Росстат,https://rosstat.gov.ru/,Рынок недвижимости России в цифрах,campaign2_links
antigravityrussia.ru,https://antigravityrussia.ru/ocenka-i-nedvizhimost/kak-stat-chastnopraktikujushhim-ocenshhikom/,2026-05-14,,,Как стать частнопрактикующим оценщиком,campaign2_links
antigravityrussia.ru,https://antigravityrussia.ru/interaktivnye-fotozony-na-meroprijatijah/kak-vybrat-interaktivnuju-fotozonu/,2026-06-02,аренда интерактивной фотозоны,https://divent.ru/uslugi/fotozony/,,campaign3_anchors.csv
arshta.org,https://arshta.org/laboratorija-i-analiz/rol-himicheskoj-laboratorii-na-proizvodstve/,2026-04-26,,,Что делает химическая лаборатория на современном производстве,campaign2_links
arshta.org,https://arshta.org/laboratorija-i-analiz/sovremennoe-oborudovanie-himicheskih-laboratorij/,2026-04-28,,,Современное оборудование химических лабораторий,campaign2_links
arshta.org,https://arshta.org/laboratorija-i-analiz/professija-laborant-zadachi-i-trebovanija/,2026-04-30,лаборант,https://ru.wikipedia.org/wiki/Лаборант,Профессия лаборант: обязанности и требования,campaign2_links
arshta.org,https://arshta.org/laboratorija-i-analiz/obuchenie-na-laboranta-himanaliza-v-krasnojarske/,2026-05-02,лаборант химического анализа обучение красноярск,https://aso-cdo.ru/krasnoyarsk/rabochie-professii/laborant-himicheskogo-analiza/,Обучение на лаборанта химического анализа в Красноярске,campaign2_links
arshta.org,https://arshta.org/laboratorija-i-analiz/professionalnye-standarty-dlja-laboratorij-2/,2026-05-04,профстандарты,https://profstandart.rosmintrud.ru/,Профессиональные стандарты для работников лабораторий,campaign2_links
arshta.org,https://arshta.org/laboratorija-i-analiz/karernyj-put-laboranta-ot-stazhjora-do-rukovoditelja/,2026-05-05,,,Карьерный путь лаборанта: от стажёра до руководителя,campaign2_links
arshta.org,https://arshta.org/fotozony-dlja-svadebnyh-ceremonij/kak-vybrat-fotozonu-v-arendu-v-ekaterinburge/,2026-05-31,фотозона в аренду в Екатеринбурге,https://divent.ru/ekb/uslugi/fotozony/,,campaign3_anchors.csv
avtogear62.ru,https://avtogear62.ru/?p=133,2026-06-01,,,"Как понять, какая профессия вам подойдёт",campaign2_links
avtogear62.ru,https://avtogear62.ru/?p=134,2026-06-03,,,Профориентация для взрослых: с чего начать,campaign2_links
avtogear62.ru,https://avtogear62.ru/?p=135,2026-06-04,профессиональная переподготовка,https://ru.wikipedia.org/wiki/Профессиональная_переподготовка,Что такое профпереподготовка простыми словами,campaign2_links
avtogear62.ru,https://avtogear62.ru/?p=136,2026-06-05,проф переподготовка,https://aso-cdo.ru/tyumen/professionalnaya-perepodgotovka/,Проф переподготовка: короткий путь к новой профессии,campaign2_links
avtogear62.ru,https://avtogear62.ru/novaja-professija/profperepodgotovka-korotkij-put-k-novoj-professii/,2026-06-05,проф переподготовка,https://aso-cdo.ru/tyumen/professionalnaya-perepodgotovka/,,campaign2_anchors.csv
avtogear62.ru,https://avtogear62.ru/?p=137,2026-06-06,Работа России,https://trudvsem.ru/,Поддержка занятости и переобучение населения,campaign2_links
avtogear62.ru,https://avtogear62.ru/?p=138,2026-06-08,,,Сколько зарабатывают после смены профессии,campaign2_links
avtogear62.ru,https://avtogear62.ru/arenda-robotov-dlja-event-proektov/arenda-robotov-na-meroprijatie-bez-pereplat/,2026-08-18,аренда роботов на мероприятие,https://divent.ru/uslugi/roboty/,,campaign4_anchors.csv
ballare-mag.com,https://ballare-mag.com/skladskaja-tehnika-i-logistika/voditel-pogruzchika-objazannosti-i-spros/,2026-05-02,,,Водитель погрузчика: чем занимается и где востребован,campaign2_links
ballare-mag.com,https://ballare-mag.com/skladskaja-tehnika-i-logistika/obuchenie-na-voditelja-pogruzchika-programma-kursa/,2026-05-03,обучение на водителя погрузчика,https://aso-cdo.ru/krasnoyarsk/rabochie-professii/voditel-pogruzchika/,Обучение на водителя погрузчика: что входит в программу курса,campaign2_links
ballare-mag.com,https://ballare-mag.com/skladskaja-tehnika-i-logistika/vidy-pogruzchikov-i-ih-naznachenie/,2026-05-05,погрузчик,https://ru.wikipedia.org/wiki/Погрузчик,Виды погрузчиков и их назначение,campaign2_links
ballare-mag.com,https://ballare-mag.com/skladskaja-tehnika-i-logistika/kak-poluchit-udostoverenie-voditelja-pogruzchika/,2026-05-06,,,Как получить удостоверение водителя погрузчика,campaign2_links
ballare-mag.com,https://ballare-mag.com/skladskaja-tehnika-i-logistika/bezopasnost-pri-rabote-na-pogruzchike/,2026-05-07,Ростехнадзор,https://www.gosnadzor.ru/,Требования безопасности при работе на погрузчике,campaign2_links
ballare-mag.com,https://ballare-mag.com/skladskaja-tehnika-i-logistika/skolko-zarabatyvaet-voditel-pogruzchika/,2026-05-09,,,Сколько зарабатывает водитель погрузчика,campaign2_links
ballare-mag.com,https://ballare-mag.com/event-industrija-moskvy-fotozony-i-oformlenie/kak-vybrat-fotozonu-na-meroprijatie/,2026-06-01,аренда фотозоны на мероприятие,https://divent.ru/uslugi/fotozony/,,campaign3_anchors.csv
bcuran.ru,https://bcuran.ru/distancionnoe-obuchenie-professijam/mozhno-li-osvoit-rabochuju-professiju-distancionno/,2026-05-09,,,Можно ли освоить рабочую профессию дистанционно,campaign2_links
bcuran.ru,https://bcuran.ru/distancionnoe-obuchenie-professijam/kak-vybrat-onlajn-kurs-rabochej-specialnosti/,2026-05-10,профстандарты,https://profstandart.rosmintrud.ru/,Как выбрать онлайн-курс рабочей специальности,campaign2_links
bcuran.ru,https://bcuran.ru/distancionnoe-obuchenie-professijam/distancionnoe-obuchenie-na-voditelja-pogruzchika/,2026-05-11,дистанционное обучение водитель погрузчика,https://aso-cdo.ru/moskva/rabochie-professii/voditel-pogruzchika/,Дистанционное обучение на водителя погрузчика,campaign2_links
bcuran.ru,https://bcuran.ru/distancionnoe-obuchenie-professijam/kak-prohodit-praktika-pri-distancionnom-obuchenii/,2026-05-12,,,Как проходит практика при дистанционном обучении,campaign2_links
bcuran.ru,https://bcuran.ru/distancionnoe-obuchenie-professijam/dokumenty-ob-obuchenii-chto-objazany-vydat/,2026-05-14,Рособрнадзор,https://obrnadzor.gov.ru/,Документы об обучении: что должно выдать учебное заведение,campaign2_links
bcuran.ru,https://bcuran.ru/distancionnoe-obuchenie-professijam/pljusy-i-minusy-distancionnogo-obuchenija/,2026-05-15,,,Плюсы и минусы дистанционного формата обучения,campaign2_links
bcuran.ru,https://bcuran.ru/arenda-fotozon-chto-vazhno-znat-zakazchiku/kak-vybrat-arendu-fotozony-gramotno/,2026-06-03,аренда фотозоны,https://divent.ru/uslugi/fotozony/,,campaign3_anchors.csv
beauty-invest.ru,https://beauty-invest.ru/bezopasnost-na-predprijatii/sistema-upravlenija-ohranoj-truda-kak-ona-ustroena/,2026-05-04,,,Система управления охраной труда: как она устроена,campaign2_links
beauty-invest.ru,https://beauty-invest.ru/bezopasnost-na-predprijatii/instruktazhi-po-ohrane-truda-vidy-i-periodichnost/,2026-05-05,,,Инструктажи по охране труда: виды и периодичность,campaign2_links
beauty-invest.ru,https://beauty-invest.ru/bezopasnost-na-predprijatii/rassledovanie-neschastnyh-sluchaev-na-proizvodstve/,2026-05-06,охрана труда,https://ru.wikipedia.org/wiki/Охрана_труда,Расследование несчастных случаев на производстве,campaign2_links
beauty-invest.ru,https://beauty-invest.ru/bezopasnost-na-predprijatii/gde-projti-obuchenie-po-ohrane-truda-v-krasnojarske/,2026-05-08,обучение по охране труда красноярск,https://aso-cdo.ru/krasnoyarsk/obuchenie-po-ohrane-truda/,Где пройти обучение по охране труда в Красноярске,campaign2_links
beauty-invest.ru,https://beauty-invest.ru/bezopasnost-na-predprijatii/gosudarstvennyj-nadzor-za-ohranoj-truda/,2026-05-09,Минтруд,https://mintrud.gov.ru/,Государственный надзор за охраной труда,campaign2_links
beauty-invest.ru,https://beauty-invest.ru/bezopasnost-na-predprijatii/sredstva-individualnoj-zashhity-chto-nuzhno-znat/,2026-05-11,,,Средства индивидуальной защиты: что нужно знать работнику,campaign2_links
beauty-invest.ru,https://beauty-invest.ru/fotozony-v-ekaterinburge-dlja-biznesa/kak-vybrat-fotozonu-v-ekaterinburge/,2026-06-02,фотозоны в Екатеринбурге,https://divent.ru/ekb/uslugi/fotozony/,,campaign3_anchors.csv
centr-audita.ru,https://centr-audita.ru/fotozony-na-den-rozhdenija-v-ekaterinburge/fotozona-na-den-rozhdenija-vybor-bez-pereplat/,2026-08-16,фотозона на день рождения в Екатеринбурге,https://divent.ru/ekb/uslugi/fotozony/,,campaign4_anchors.csv
colorit-dv.ru,https://colorit-dv.ru/uglovye-led-fotozony-v-ekaterinburge/uglovaja-led-fotozona-vybor-bez-pereplat/,2026-08-19,угловая led фотозона,https://divent.ru/ekb/uslugi/svetodiodnaya-uglovaya-led-fotozona/,,campaign4_anchors.csv
cover-grouping.ru,https://cover-grouping.ru/karera-i-pereobuchenie/zachem-menjat-professiju-kogda-pereobuchenie-opravdano/,2026-04-24,,,Зачем менять профессию: когда переобучение действительно оправдано,campaign2_links
cover-grouping.ru,https://cover-grouping.ru/karera-i-pereobuchenie/professionalnaja-perepodgotovka-v-krasnojarske/,2026-04-26,профессиональная переподготовка,https://aso-cdo.ru/krasnoyarsk/professionalnaya-perepodgotovka/,Профессиональная переподготовка в Красноярске: как это работает,campaign2_links
cover-grouping.ru,https://cover-grouping.ru/karera-i-pereobuchenie/perepodgotovka-i-povyshenie-kvalifikacii-raznica/,2026-04-28,Закон об образовании,https://www.consultant.ru/document/cons_doc_LAW_140174/,Чем переподготовка отличается от повышения квалификации,campaign2_links
cover-grouping.ru,https://cover-grouping.ru/karera-i-pereobuchenie/top-napravlenij-pereobuchenija-v-krasnojarskom-krae/,2026-04-29,,,ТОП востребованных направлений переобучения в Красноярском крае,campaign2_links
cover-grouping.ru,https://cover-grouping.ru/karera-i-pereobuchenie/kak-proverit-licenziju-uchebnogo-centra/,2026-04-30,Рособрнадзор,https://obrnadzor.gov.ru/,Как проверить лицензию учебного центра перед оплатой,campaign2_links
cover-grouping.ru,https://cover-grouping.ru/karera-i-pereobuchenie/kak-sovmeshhat-rabotu-i-uchjobu-bez-vygoranija/,2026-05-01,,,Как совмещать работу и учёбу: советы для занятых,campaign2_links
cover-grouping.ru,https://cover-grouping.ru/arenda-fotozon-v-moskve/kak-vybrat-fotozonu-v-arendu-v-moskve/,2026-05-31,аренда фотозоны в Москве,https://divent.ru/uslugi/fotozony/,,campaign3_anchors.csv
drunk-fish.ru,https://drunk-fish.ru/?p=128,2026-05-22,,,Когда пора менять профессию: главные признаки,campaign2_links
drunk-fish.ru,https://drunk-fish.ru/?p=129,2026-05-24,Росстат,https://rosstat.gov.ru/,Рынок труда и востребованные профессии в России,campaign2_links
drunk-fish.ru,https://drunk-fish.ru/?p=130,2026-05-25,профессиональная переподготовка,https://aso-cdo.ru/tyumen/professionalnaya-perepodgotovka/,Профессиональная переподготовка: как сменить сферу деятельности,campaign2_links
drunk-fish.ru,https://drunk-fish.ru/smena-professii/professionalnaja-perepodgotovka-put-k-novoj-karere/,2026-05-25,профессиональная переподготовка,https://aso-cdo.ru/tyumen/professionalnaya-perepodgotovka/,,campaign2_anchors.csv
drunk-fish.ru,https://drunk-fish.ru/?p=131,2026-05-26,,,Мифы о переобучении взрослых,campaign2_links
drunk-fish.ru,https://drunk-fish.ru/?p=132,2026-05-27,Рособрнадзор,https://obrnadzor.gov.ru/,Как проверить документ о переподготовке,campaign2_links
drunk-fish.ru,https://drunk-fish.ru/?p=133,2026-05-29,,,Истории успешной смены профессии,campaign2_links
drunk-fish.ru,https://drunk-fish.ru/svadebnye-fotozony-v-ekaterinburge/kak-vybrat-fotozonu-na-svadbu-v-ekaterinburge/,2026-06-10,фотозона на свадьбу в Екатеринбурге,https://divent.ru/ekb/uslugi/fotozony/,,campaign3_anchors.csv
dubrovinaphoto.com,https://dubrovinaphoto.com/arenda-fotobudok-v-ekaterinburge/fotobudka-v-ekaterinburge-vybor-bez-pereplat/,2026-08-18,фотобудка в Екатеринбурге,https://divent.ru/ekb/uslugi/arenda-fotobudki/,,campaign4_anchors.csv
edhall.ru,https://edhall.ru/vizualnye-interaktivy-na-sobytijah/interaktivy-na-meroprijatie-bez-pereplat/,2026-08-17,интерактивы на мероприятие,https://divent.ru/ekb/uslugi/vizualnye-interaktivy/,,campaign4_anchors.csv
elintel.ru,https://elintel.ru/iskusstvennyj-intellekt-v-event-fotografii/fotobudka-s-ii-v-moskve-vybor-bez-pereplat/,2026-08-15,фотобудка с ИИ в Москве,https://divent.ru/uslugi/ii-fotobudka/,,campaign4_anchors.csv
fermatastyle.ru,https://fermatastyle.ru/svarochnoe-delo/professija-svarshhika-pochemu-ona-vostrebovana/,2026-04-28,,,Профессия сварщика: почему она остаётся востребованной,campaign2_links
fermatastyle.ru,https://fermatastyle.ru/svarochnoe-delo/jelektrogazosvarshhik-obuchenie-v-krasnojarske-s-nulja/,2026-04-29,электрогазосварщик обучение красноярск,https://aso-cdo.ru/krasnoyarsk/rabochie-professii/elektrogazosvarshhik/,Электрогазосварщик: обучение в Красноярске с нуля,campaign2_links
fermatastyle.ru,https://fermatastyle.ru/svarochnoe-delo/vidy-svarki-i-ih-primenenie/,2026-05-01,сварка,https://ru.wikipedia.org/wiki/Сварка,Виды сварки и их применение,campaign2_links
fermatastyle.ru,https://fermatastyle.ru/svarochnoe-delo/razrjady-svarshhikov-chto-oni-oznachajut/,2026-05-02,,,Разряды сварщиков: что они означают и как повышаются,campaign2_links
fermatastyle.ru,https://fermatastyle.ru/svarochnoe-delo/prombezopasnost-pri-svarochnyh-rabotah/,2026-05-03,Ростехнадзор,https://www.gosnadzor.ru/,Требования промышленной безопасности при сварочных работах,campaign2_links
fermatastyle.ru,https://fermatastyle.ru/svarochnoe-delo/skolko-zarabatyvaet-svarshhik-v-krasnojarske/,2026-05-04,,,Сколько зарабатывает сварщик в Красноярске,campaign2_links
fermatastyle.ru,https://fermatastyle.ru/fotozony-v-ekaterinburge-trendy-i-formaty/kak-vybrat-fotozonu-v-arendu-v-ekaterinburge/,2026-06-01,фотозона в аренду в Екатеринбурге,https://divent.ru/ekb/uslugi/fotozony/,,campaign3_anchors.csv
iscar-east.ru,https://iscar-east.ru/svetodiodnye-jekrany-na-meroprijatijah-v-ekaterinburge/kak-vybrat-led-jekran-v-arendu-v-ekaterinburge/,2026-08-17,аренда светодиодного экрана в Екатеринбурге,https://divent.ru/ekb/uslugi/svetodiodnyj-uglovoj-led-ekran/,,campaign4_anchors.csv
kakudobrit.ru,https://kakudobrit.ru/?p=105,2026-05-25,,,Второе высшее или переподготовка: что выбрать,campaign2_links
kakudobrit.ru,https://kakudobrit.ru/?p=106,2026-05-26,переподготовка на базе высшего образования в Тюмени,https://aso-cdo.ru/tyumen/professionalnaya-perepodgotovka/,Переподготовка на базе высшего образования в Тюмени,campaign2_links
kakudobrit.ru,https://kakudobrit.ru/dopolnitelnoe-obrazovanie/perepodgotovka-v-tjumeni-novye-karernye-vozmozhnosti/,2026-05-26,переподготовка на базе высшего образования в Тюмени,https://aso-cdo.ru/tyumen/professionalnaya-perepodgotovka/,,campaign2_anchors.csv
kakudobrit.ru,https://kakudobrit.ru/?p=107,2026-05-28,Закон об образовании,https://www.consultant.ru/document/cons_doc_LAW_140174/,Уровни профессионального образования в России,campaign2_links
kakudobrit.ru,https://kakudobrit.ru/?p=108,2026-05-29,,,Кому подходит переподготовка на базе диплома вуза,campaign2_links
kakudobrit.ru,https://kakudobrit.ru/?p=109,2026-05-31,Рособрнадзор,https://obrnadzor.gov.ru/,Как государство контролирует качество образования,campaign2_links
kakudobrit.ru,https://kakudobrit.ru/?p=110,2026-06-01,,,Как переподготовка помогает в карьере,campaign2_links
kakudobrit.ru,https://kakudobrit.ru/svadby-v-ekaterinburge-fotozony-i-dekor/kak-vybrat-fotozonu-na-svadbu-v-ekaterinburge/,2026-06-09,фотозона на свадьбу в Екатеринбурге,https://divent.ru/ekb/uslugi/fotozony/,,campaign3_anchors.csv
kgdink.ru,https://kgdink.ru/professija-voditel-pogruzchika/odin-den-iz-zhizni-voditelja-pogruzchika/,2026-05-11,,,Один день из жизни водителя погрузчика,campaign2_links
kgdink.ru,https://kgdink.ru/professija-voditel-pogruzchika/kakie-byvajut-pogruzchiki-jelektricheskie-i-dizelnye/,2026-05-12,,,Какие бывают погрузчики: электрические и дизельные,campaign2_links
kgdink.ru,https://kgdink.ru/professija-voditel-pogruzchika/ustrojstvo-i-princip-raboty-pogruzchika/,2026-05-14,погрузчик,https://ru.wikipedia.org/wiki/Погрузчик,Устройство и принцип работы погрузчика,campaign2_links
kgdink.ru,https://kgdink.ru/professija-voditel-pogruzchika/obuchenie-na-voditelja-pogruzchika-v-moskve/,2026-05-16,обучение на водителя погрузчика в москве,https://aso-cdo.ru/moskva/rabochie-professii/voditel-pogruzchika/,Обучение на водителя погрузчика в Москве: цены и сроки,campaign2_links
kgdink.ru,https://kgdink.ru/professija-voditel-pogruzchika/pravila-bezopasnoj-jekspluatacii-pogruzchikov/,2026-05-17,Ростехнадзор,https://www.gosnadzor.ru/,Правила безопасной эксплуатации погрузчиков,campaign2_links
kgdink.ru,https://kgdink.ru/?p=107,2026-05-19,,,Что проверяют на экзамене у будущего водителя погрузчика,campaign2_links
kgdink.ru,https://kgdink.ru/fotozony-v-ekaterinburge-podbor-po-sluchaju/kak-vybrat-fotozonu-v-ekb-bez-pereplat/,2026-06-04,фотозона Екб,https://divent.ru/ekb/uslugi/fotozony/,,campaign3_anchors.csv
ledpnz.ru,https://ledpnz.ru/?p=120,2026-05-29,,,Как выбрать профессиональные курсы и не потратить деньги зря,campaign2_links
ledpnz.ru,https://ledpnz.ru/?p=121,2026-05-31,курсы переподготовки,https://aso-cdo.ru/tyumen/professionalnaya-perepodgotovka/,Курсы переподготовки: с чего начать обучение,campaign2_links
ledpnz.ru,https://ledpnz.ru/professionalnye-kursy/kursy-perepodgotovki-s-chego-nachat-obuchenie/,2026-05-31,курсы переподготовки,https://aso-cdo.ru/tyumen/professionalnaya-perepodgotovka/,,campaign2_anchors.csv
ledpnz.ru,https://ledpnz.ru/?p=122,2026-06-02,профессиональная переподготовка,https://ru.wikipedia.org/wiki/Профессиональная_переподготовка,Дополнительное профессиональное образование простыми словами,campaign2_links
ledpnz.ru,https://ledpnz.ru/?p=123,2026-06-04,,,Сколько стоят курсы переподготовки,campaign2_links
ledpnz.ru,https://ledpnz.ru/?p=124,2026-06-05,Рособрнадзор,https://obrnadzor.gov.ru/,Как проверить учебный центр перед оплатой,campaign2_links
ledpnz.ru,https://ledpnz.ru/?p=125,2026-06-06,,,Что делать после завершения курсов,campaign2_links
ledpnz.ru,https://ledpnz.ru/neonovye-fotozony-i-led-room/neonovyj-tonnel-fotozona-vybor-bez-pereplat/,2026-08-16,неоновый тоннель фотозона,https://divent.ru/uslugi/neonovaya-fotozona-led-room/,,campaign4_anchors.csv
liveandcreate.ru,https://liveandcreate.ru/rabochie-specialnosti/pochemu-rabochie-professii-snova-v-trende/,2026-05-01,,,Почему рабочие профессии снова в тренде,campaign2_links
liveandcreate.ru,https://liveandcreate.ru/rabochie-specialnosti/rynok-truda-rabochih-specialnostej-v-rossii/,2026-05-03,Росстат,https://rosstat.gov.ru/,Рынок труда рабочих специальностей в России,campaign2_links
liveandcreate.ru,https://liveandcreate.ru/rabochie-specialnosti/obuchenie-rabochim-professijam-s-chego-nachat/,2026-05-05,обучение рабочим профессиям,https://aso-cdo.ru/krasnoyarsk/rabochie-professii/,Обучение рабочим профессиям: с чего начать,campaign2_links
liveandcreate.ru,https://liveandcreate.ru/rabochie-specialnosti/top-rabochih-professij-dlja-bystrogo-starta/,2026-05-06,,,ТОП рабочих профессий для быстрого старта карьеры,campaign2_links
liveandcreate.ru,https://liveandcreate.ru/rabochie-specialnosti/gde-iskat-vakansii-po-rabochim-specialnostjam/,2026-05-08,Работа России,https://trudvsem.ru/,Где искать вакансии по рабочим специальностям,campaign2_links
liveandcreate.ru,https://liveandcreate.ru/rabochie-specialnosti/rabochaja-professija-ili-ofis-gde-vyshe-dohod/,2026-05-09,,,Рабочая профессия или офис: где выше доход,campaign2_links
liveandcreate.ru,https://liveandcreate.ru/arenda-fotozon-v-ekb-gid-po-vyboru/kak-vybrat-fotozonu-v-arendu-v-ekb/,2026-06-02,фотозона в аренду Екб,https://divent.ru/ekb/uslugi/fotozony/,,campaign3_anchors.csv
lyadeputti.ru,https://lyadeputti.ru/rabota-na-sklade-v-moskve/skladskie-professii-moskvy-spros-i-zarplaty/,2026-05-08,,,Складские профессии Москвы: спрос и зарплаты,campaign2_links
lyadeputti.ru,https://lyadeputti.ru/rabota-na-sklade-v-moskve/gde-otuchitsja-na-pogruzchik-v-moskve/,2026-05-09,отучиться на погрузчик в москве,https://aso-cdo.ru/moskva/rabochie-professii/voditel-pogruzchika/,Где отучиться на погрузчик в Москве,campaign2_links
lyadeputti.ru,https://lyadeputti.ru/rabota-na-sklade-v-moskve/chto-takoe-vilochnyj-pogruzchik-i-kak-on-ustroen/,2026-05-11,погрузчик,https://ru.wikipedia.org/wiki/Погрузчик,Что такое вилочный погрузчик и как он устроен,campaign2_links
lyadeputti.ru,https://lyadeputti.ru/rabota-na-sklade-v-moskve/kak-stat-voditelem-pogruzchika-bez-opyta/,2026-05-12,,,Как устроиться водителем погрузчика без опыта,campaign2_links
lyadeputti.ru,https://lyadeputti.ru/rabota-na-sklade-v-moskve/poisk-vakansij-voditelja-pogruzchika-v-moskve/,2026-05-13,HeadHunter,https://hh.ru/,Поиск вакансий водителя погрузчика в Москве,campaign2_links
lyadeputti.ru,https://lyadeputti.ru/rabota-na-sklade-v-moskve/karera-na-sklade-put-k-nachalniku-smeny/,2026-05-15,,,Карьера на складе: от грузчика до начальника смены,campaign2_links
lyadeputti.ru,https://lyadeputti.ru/fotozony-v-gorodskoj-srede/kak-vybrat-fotozonu-v-ekaterinburge/,2026-06-04,фотозона в Екатеринбурге,https://divent.ru/ekb/uslugi/fotozony/,,campaign3_anchors.csv
m-e-d-a-l.ru,https://m-e-d-a-l.ru/fotobudki-dlja-korporativov-v-ekaterinburge/arenda-fotobudki-v-ekaterinburge-bez-pereplat/,2026-08-18,аренда фотобудки в Екатеринбурге,https://divent.ru/ekb/uslugi/arenda-fotobudki/,,campaign4_anchors.csv
mai-hoshi.ru,https://mai-hoshi.ru/?p=128,2026-05-20,,,Где получить новую профессию в Тюмени,campaign2_links
mai-hoshi.ru,https://mai-hoshi.ru/?p=129,2026-05-21,профпереподготовка в Тюмени,https://aso-cdo.ru/tyumen/professionalnaya-perepodgotovka/,Профпереподготовка в Тюмени: куда пойти учиться,campaign2_links
mai-hoshi.ru,https://mai-hoshi.ru/obrazovanie-v-tjumeni/profperepodgotovka-v-tjumeni-gde-uchitsja/,2026-05-21,профпереподготовка в Тюмени,https://aso-cdo.ru/tyumen/professionalnaya-perepodgotovka/,,campaign2_anchors.csv
mai-hoshi.ru,https://mai-hoshi.ru/?p=130,2026-05-23,профессиональная переподготовка,https://ru.wikipedia.org/wiki/Профессиональная_переподготовка,Что такое профессиональная переподготовка,campaign2_links
mai-hoshi.ru,https://mai-hoshi.ru/?p=131,2026-05-25,,,Сколько длится переподготовка и от чего это зависит,campaign2_links
mai-hoshi.ru,https://mai-hoshi.ru/?p=132,2026-05-26,Закон об образовании,https://www.consultant.ru/document/cons_doc_LAW_140174/,Дополнительное профессиональное образование в законе,campaign2_links
mai-hoshi.ru,https://mai-hoshi.ru/?p=133,2026-05-27,,,Как выбрать программу переподготовки в Тюмени,campaign2_links
mai-hoshi.ru,https://mai-hoshi.ru/led-fotozony-tehnicheskie-harakteristiki/kak-vybrat-led-fotozonu-dlja-arendy/,2026-06-09,led фотозона аренда,https://divent.ru/uslugi/svetodiodnaya-uglovaya-led-fotozona/,,campaign3_anchors.csv
mybabyfoot.ru,https://mybabyfoot.ru/roboty-oficianty-na-prazdnikah/robot-oficiant-v-moskve-vybor-bez-pereplat/,2026-08-18,робот официант в Москве,https://divent.ru/uslugi/roboty/,,campaign4_anchors.csv
omegabay.ru,https://omegabay.ru/spectehnika-i-ejo-operatory/kto-upravljaet-skladskoj-spectehnikoj/,2026-05-16,,,Кто управляет складской спецтехникой,campaign2_links
omegabay.ru,https://omegabay.ru/spectehnika-i-ejo-operatory/obuchenie-na-pogruzchik-v-moskve-cena-i-faktory/,2026-05-18,обучение на погрузчик в москве цена,https://aso-cdo.ru/moskva/rabochie-professii/voditel-pogruzchika/,Обучение на погрузчик в Москве: из чего складывается цена,campaign2_links
omegabay.ru,https://omegabay.ru/?p=108,2026-05-19,погрузчик,https://ru.wikipedia.org/wiki/Погрузчик,Виды складской и подъёмной техники,campaign2_links
omegabay.ru,https://omegabay.ru/?p=109,2026-05-20,,,Как выбрать формат обучения: очно или онлайн,campaign2_links
omegabay.ru,https://omegabay.ru/?p=110,2026-05-21,профстандарты,https://profstandart.rosmintrud.ru/,Профессиональные стандарты операторов спецтехники,campaign2_links
omegabay.ru,https://omegabay.ru/?p=111,2026-05-23,,,Что нужно знать новичку перед обучением,campaign2_links
omegabay.ru,https://omegabay.ru/arenda-fotozon-pod-sobytie-ljubogo-masshtaba/kak-vybrat-arendu-fotozony-gramotno/,2026-06-06,аренда фотозоны,https://divent.ru/ekb/uslugi/fotozony/,,campaign3_anchors.csv
oybox.by,https://oybox.by/roboty-v-arendu-v-moskve/arenda-robotov-v-moskve-bez-lishnih-zatrat/,2026-08-17,аренда роботов в Москве,https://divent.ru/uslugi/roboty/,,campaign4_anchors.csv
photo-test.ru,https://photo-test.ru/ohrana-truda-i-bezopasnost/zachem-predprijatiju-specialist-po-ohrane-truda/,2026-04-27,,,Зачем предприятию специалист по охране труда,campaign2_links
photo-test.ru,https://photo-test.ru/ohrana-truda-i-bezopasnost/osnovnye-trebovanija-ohrany-truda-na-proizvodstve/,2026-04-28,охрана труда,https://ru.wikipedia.org/wiki/Охрана_труда,Основные требования охраны труда на производстве,campaign2_links
photo-test.ru,https://photo-test.ru/ohrana-truda-i-bezopasnost/obuchenie-po-ohrane-truda-v-krasnojarske/,2026-04-30,обучение по охране труда красноярск,https://aso-cdo.ru/krasnoyarsk/obuchenie-po-ohrane-truda/,Обучение по охране труда в Красноярске: программы и форматы,campaign2_links
photo-test.ru,https://photo-test.ru/ohrana-truda-i-bezopasnost/kak-prohodit-proverka-po-ohrane-truda-2/,2026-05-01,,,Как проходит проверка по охране труда на предприятии,campaign2_links
photo-test.ru,https://photo-test.ru/ohrana-truda-i-bezopasnost/objazannosti-rabotodatelja-po-ohrane-truda/,2026-05-02,Минтруд,https://mintrud.gov.ru/,Обязанности работодателя по охране труда,campaign2_links
photo-test.ru,https://photo-test.ru/ohrana-truda-i-bezopasnost/tipichnye-narushenija-ohrany-truda-i-ih-profilaktika/,2026-05-03,,,Типичные нарушения охраны труда и как их избежать,campaign2_links
photo-test.ru,https://photo-test.ru/korporativnye-meroprijatija-i-foto-oformlenie/kak-vybrat-fotozonu-v-arendu-v-moskve/,2026-06-01,фотозона в аренду в Москве,https://divent.ru/uslugi/fotozony/,,campaign3_anchors.csv
photoset-msk.ru,https://photoset-msk.ru/arenda-fotobudok-v-moskve/fotobudka-v-moskve-kak-vybrat-bez-pereplat/,2026-08-19,фотобудка в Москве,https://divent.ru/uslugi/arenda-fotobudki/,,campaign4_anchors.csv
pravo-or.org,https://pravo-or.org/interaktivnye-formaty-na-meroprijatijah-v-moskve/kak-vybrat-interaktivy-na-meroprijatie-v-moskve/,2026-08-16,интерактивы на мероприятие Москва,https://divent.ru/uslugi/osobie/,,campaign4_anchors.csv
pre100l.ru,https://pre100l.ru/fotobudki-na-meroprijatijah-v-moskve/fotobudki-v-moskve-vybor-bez-pereplat/,2026-08-17,фотобудки в Москве,https://divent.ru/uslugi/arenda-fotobudki/,,campaign4_anchors.csv
prforce.ru,https://prforce.ru/kursy-rabochih-professij/kak-vybrat-kursy-rabochej-professii-bez-oshibok/,2026-05-14,,,Как выбрать курсы рабочей профессии и не ошибиться,campaign2_links
prforce.ru,https://prforce.ru/kursy-rabochih-professij/kak-vybrat-uchebnyj-centr-bez-oshibok/,2026-05-16,Рособрнадзор,https://obrnadzor.gov.ru/,На что обратить внимание при выборе учебного центра,campaign2_links
prforce.ru,https://prforce.ru/kursy-rabochih-professij/kursy-voditelja-pogruzchika-v-moskve-obzor-programm/,2026-05-17,курсы водителя погрузчика в москве,https://aso-cdo.ru/moskva/rabochie-professii/voditel-pogruzchika/,Курсы водителя погрузчика в Москве: обзор программ,campaign2_links
prforce.ru,https://prforce.ru/kursy-rabochih-professij/chto-vhodit-v-programmu-kursa-voditelja-pogruzchika/,2026-05-18,,,Что входит в программу курса водителя погрузчика,campaign2_links
prforce.ru,https://prforce.ru/?p=145,2026-05-20,Ростехнадзор,https://www.gosnadzor.ru/,Категории и удостоверения для управления спецтехникой,campaign2_links
prforce.ru,https://prforce.ru/?p=146,2026-05-21,,,Трудоустройство после курсов: насколько это реально,campaign2_links
prforce.ru,https://prforce.ru/fotozony-kak-chast-scenarija-meroprijatija/kak-vybrat-fotozonu-na-meroprijatie/,2026-06-04,фотозона на мероприятие,https://divent.ru/ekb/uslugi/fotozony/,,campaign3_anchors.csv
pro-covers.ru,https://pro-covers.ru/svetodiodnye-fotozony/led-fotozona-kak-vybrat-podrjadchika/,2026-08-16,led фотозона,https://divent.ru/ekb/uslugi/svetodiodnaya-uglovaya-led-fotozona/,,campaign4_anchors.csv
promplo.ru,https://promplo.ru/?p=136,2026-05-31,,,Возможности дополнительного образования в Тюмени,campaign2_links
promplo.ru,https://promplo.ru/?p=137,2026-06-01,Росстат,https://rosstat.gov.ru/,Рынок труда Тюменской области: обзор,campaign2_links
promplo.ru,https://promplo.ru/?p=138,2026-06-02,курсы переподготовки в Тюмени,https://aso-cdo.ru/tyumen/professionalnaya-perepodgotovka/,Курсы переподготовки в Тюмени: обзор вариантов,campaign2_links
promplo.ru,https://promplo.ru/uchjoba-v-tjumeni/kursy-perepodgotovki-v-tjumeni-kak-vybrat/,2026-06-02,курсы переподготовки в Тюмени,https://aso-cdo.ru/tyumen/professionalnaya-perepodgotovka/,,campaign2_anchors.csv
promplo.ru,https://promplo.ru/?p=139,2026-06-03,,,Какие профессии можно освоить в Тюмени за пару месяцев,campaign2_links
promplo.ru,https://promplo.ru/?p=140,2026-06-05,Работа России,https://trudvsem.ru/,Где искать работу в Тюмени после учёбы,campaign2_links
promplo.ru,https://promplo.ru/?p=141,2026-06-07,,,Как совместить курсы с основной работой,campaign2_links
promplo.ru,https://promplo.ru/fotobudki-s-nejrosetjami/fotobudka-s-nejrosetju-kak-vybrat-bez-pereplat/,2026-08-17,фотобудка с нейросетью в Москве,https://divent.ru/uslugi/ii-fotobudka/,,campaign4_anchors.csv
property-in-alanya.ru,https://property-in-alanya.ru/start-v-rabochej-professii/rabochie-professii-bez-opyta-s-chego-nachat/,2026-05-17,,,Рабочие профессии без опыта: с чего начать,campaign2_links
property-in-alanya.ru,https://property-in-alanya.ru/start-v-rabochej-professii/gde-iskat-pervuju-rabotu-po-specialnosti/,2026-05-18,Работа России,https://trudvsem.ru/,Где искать первую работу по рабочей специальности,campaign2_links
property-in-alanya.ru,https://property-in-alanya.ru/?p=121,2026-05-20,учиться на водителя погрузчика в москве,https://aso-cdo.ru/moskva/rabochie-professii/voditel-pogruzchika/,Учиться на водителя погрузчика в Москве: пошаговый путь,campaign2_links
property-in-alanya.ru,https://property-in-alanya.ru/start-v-rabochej-professii/kak-stat-voditelem-pogruzchika-v-moskve/,2026-05-20,учиться на водителя погрузчика в москве,https://aso-cdo.ru/moskva/rabochie-professii/voditel-pogruzchika/,,campaign2_anchors.csv
property-in-alanya.ru,https://property-in-alanya.ru/?p=122,2026-05-22,,,Какие навыки нужны водителю погрузчика,campaign2_links
property-in-alanya.ru,https://property-in-alanya.ru/?p=123,2026-05-23,охрана труда,https://ru.wikipedia.org/wiki/Охрана_труда,Безопасность труда операторов погрузчиков,campaign2_links
property-in-alanya.ru,https://property-in-alanya.ru/?p=124,2026-05-25,,,Перспективы карьерного роста на складе,campaign2_links
property-in-alanya.ru,https://property-in-alanya.ru/svetodiodnoe-oborudovanie-na-meroprijatijah/kak-vybrat-led-fotozonu-servis-i-bjudzhet/,2026-06-07,led фотозона,https://divent.ru/uslugi/svetodiodnaya-uglovaya-led-fotozona/,,campaign3_anchors.csv
rt-covid19.ru,https://rt-covid19.ru/professii-i-obuchenie-v-krasnojarske/rabochie-professii-krasnojarska-s-nulja/,2026-04-23,,,Рабочие профессии Красноярска: какие специальности можно освоить с нуля,campaign2_links
rt-covid19.ru,https://rt-covid19.ru/professii-i-obuchenie-v-krasnojarske/kto-takoj-laborant-himicheskogo-analiza/,2026-04-24,химический анализ,https://ru.wikipedia.org/wiki/Химический_анализ,Кто такой лаборант химического анализа и чем он занимается,campaign2_links
rt-covid19.ru,https://rt-covid19.ru/professii-i-obuchenie-v-krasnojarske/laborant-himicheskogo-analiza-put-v-professiju/,2026-04-26,лаборант химического анализа обучение,https://aso-cdo.ru/krasnoyarsk/rabochie-professii/laborant-himicheskogo-analiza/,Лаборант химического анализа: как пройти обучение и начать карьеру,campaign2_links
rt-covid19.ru,https://rt-covid19.ru/professii-i-obuchenie-v-krasnojarske/gde-rabotajut-laboranty-himicheskogo-analiza-2/,2026-04-28,,,Где работают лаборанты химического анализа: отрасли и предприятия Красноярского края,campaign2_links
rt-covid19.ru,https://rt-covid19.ru/professii-i-obuchenie-v-krasnojarske/zarplaty-rabochih-v-krasnojarske-obzor-rynka/,2026-04-29,Росстат,https://rosstat.gov.ru/,Зарплаты рабочих специальностей в Красноярске: обзор рынка труда,campaign2_links
rt-covid19.ru,https://rt-covid19.ru/professii-i-obuchenie-v-krasnojarske/kak-vybrat-uchebnyj-centr-dlja-rabochej-professii/,2026-04-30,,,Как выбрать учебный центр для получения рабочей профессии,campaign2_links
rt-covid19.ru,https://rt-covid19.ru/arenda-fotozon-v-ekaterinburge/kak-vybrat-arendu-fotozony-v-ekaterinburge/,2026-05-30,аренда фотозоны в Екатеринбурге,https://divent.ru/ekb/uslugi/fotozony/,,campaign3_anchors.csv
sibertek.ru,https://sibertek.ru/fotobudki-v-ekaterinburge/fotobudka-ekb-kak-vybrat-i-ne-pereplatit/,2026-08-18,фотобудка Екб,https://divent.ru/ekb/uslugi/arenda-fotobudki/,,campaign4_anchors.csv
solbrasil.ru,https://solbrasil.ru/arenda-svetodiodnyh-fotozon-v-ekaterinburge/kak-vybrat-led-fotozonu-i-ne-pereplatit/,2026-08-19,светодиодная фотозона аренда,https://divent.ru/ekb/uslugi/svetodiodnaya-uglovaya-led-fotozona/,,campaign4_anchors.csv
solkmsb.ru,https://solkmsb.ru/fotobudki-v-arendu-na-prazdniki/arenda-fotobudki-v-moskve-bez-pereplat/,2026-08-16,аренда фотобудки в Москве,https://divent.ru/uslugi/arenda-fotobudki/,,campaign4_anchors.csv
speciallabel.ru,https://speciallabel.ru/logistika-i-sklad/kak-rabotaet-sovremennyj-skladskoj-kompleks/,2026-05-18,,,Как работает современный складской комплекс,campaign2_links
speciallabel.ru,https://speciallabel.ru/?p=134,2026-05-19,,,Профессии складской логистики,campaign2_links
speciallabel.ru,https://speciallabel.ru/?p=135,2026-05-21,логистика,https://ru.wikipedia.org/wiki/Логистика,Что такое складская логистика,campaign2_links
speciallabel.ru,https://speciallabel.ru/?p=136,2026-05-22,https://aso-cdo.ru/moskva/rabochie-professii/voditel-pogruzchika/,https://aso-cdo.ru/moskva/rabochie-professii/voditel-pogruzchika/,Обучение водителей погрузчиков: полезный ресурс,campaign2_links
speciallabel.ru,https://speciallabel.ru/logistika-i-sklad/obuchenie-voditelej-pogruzchikov-poleznyj-resurs/,2026-05-22,https://aso-cdo.ru/moskva/rabochie-professii/voditel-pogruzchika/,https://aso-cdo.ru/moskva/rabochie-professii/voditel-pogruzchika/,,campaign2_anchors.csv
speciallabel.ru,https://speciallabel.ru/?p=137,2026-05-23,HeadHunter,https://hh.ru/,Рынок труда в логистике Москвы,campaign2_links
speciallabel.ru,https://speciallabel.ru/?p=138,2026-05-24,,,Автоматизация склада: вытеснит ли техника людей,campaign2_links
speciallabel.ru,https://speciallabel.ru/trendy-v-arende-fotozon/kak-vybrat-arendu-fotozon-gramotno/,2026-06-07,аренда фотозон,https://divent.ru/ekb/uslugi/fotozony/,,campaign3_anchors.csv
studio-santech.ru,https://studio-santech.ru/led-fotozony-na-meroprijatijah-v-ekaterinburge/led-fotozona-na-meroprijatie-bez-pereplat/,2026-08-18,led фотозоны на мероприятие,https://divent.ru/ekb/uslugi/svetodiodnaya-uglovaya-led-fotozona/,,campaign4_anchors.csv
techfile.ru,https://techfile.ru/obuchenie-i-perekvalifikacija/kogda-stoit-smenit-professiju-na-rabochuju/,2026-05-13,,,Когда стоит сменить профессию на рабочую,campaign2_links
techfile.ru,https://techfile.ru/obuchenie-i-perekvalifikacija/distancionnoe-obuchenie-na-pogruzchik-kak-jeto-rabotaet/,2026-05-14,дистанционное обучение на погрузчик,https://aso-cdo.ru/moskva/rabochie-professii/voditel-pogruzchika/,Дистанционное обучение на погрузчик: как это работает,campaign2_links
techfile.ru,https://techfile.ru/obuchenie-i-perekvalifikacija/professionalnoe-obuchenie-v-rossii-formy-i-sroki/,2026-05-16,Закон об образовании,https://www.consultant.ru/document/cons_doc_LAW_140174/,Профессиональное обучение в России: формы и сроки,campaign2_links
techfile.ru,https://techfile.ru/obuchenie-i-perekvalifikacija/skolko-uchitsja-na-voditelja-pogruzchika/,2026-05-17,,,Сколько длится обучение на водителя погрузчика,campaign2_links
techfile.ru,https://techfile.ru/?p=125,2026-05-19,Росстат,https://rosstat.gov.ru/,Зарплаты рабочих профессий по регионам России,campaign2_links
techfile.ru,https://techfile.ru/?p=126,2026-05-20,,,Как совмещать обучение с основной работой,campaign2_links
techfile.ru,https://techfile.ru/prazdnichnoe-oformlenie-fotozony-i-dekor/kak-vybrat-arendu-fotozon-gramotno/,2026-06-04,аренда фотозон,https://divent.ru/uslugi/fotozony/,,campaign3_anchors.csv
top-audit.ru,https://top-audit.ru/ceny-na-obuchenie-professijam/skolko-stoit-osvoit-rabochuju-professiju-v-moskve/,2026-05-15,,,Сколько стоит освоить рабочую профессию в Москве,campaign2_links
top-audit.ru,https://top-audit.ru/ceny-na-obuchenie-professijam/ot-chego-zavisit-cena-obuchenija-na-spectehniku/,2026-05-16,,,От чего зависит цена обучения на спецтехнику,campaign2_links
top-audit.ru,https://top-audit.ru/ceny-na-obuchenie-professijam/kak-ne-pereplatit-za-kursy/,2026-05-17,HeadHunter,https://hh.ru/,Как не переплатить за курсы: практические советы,campaign2_links
top-audit.ru,https://top-audit.ru/?p=127,2026-05-19,обучение на водителя погрузчика в москве цена,https://aso-cdo.ru/moskva/rabochie-professii/voditel-pogruzchika/,Обучение на водителя погрузчика в Москве: из чего складывается цена,campaign2_links
top-audit.ru,https://top-audit.ru/ceny-na-obuchenie-professijam/obuchenie-na-voditelja-pogruzchika-v-moskve-cena/,2026-05-19,обучение на водителя погрузчика в москве цена,https://aso-cdo.ru/moskva/rabochie-professii/voditel-pogruzchika/,,campaign2_anchors.csv
top-audit.ru,https://top-audit.ru/?p=128,2026-05-21,КонсультантПлюс,https://www.consultant.ru/,Налоговый вычет за обучение: как вернуть часть денег,campaign2_links
top-audit.ru,https://top-audit.ru/?p=129,2026-05-23,,,Окупаются ли вложения в обучение на водителя погрузчика,campaign2_links
top-audit.ru,https://top-audit.ru/led-tehnologii-v-oformlenii-fotozon/kak-vybrat-uglovuju-led-fotozonu/,2026-06-04,угловая led фотозона,https://divent.ru/uslugi/svetodiodnaya-uglovaya-led-fotozona/,,campaign3_anchors.csv
ulcus.ru,https://ulcus.ru/dezinfekcija-i-sanitarija/kto-takoj-dezinfektor-i-gde-on-rabotaet/,2026-04-29,,,Кто такой дезинфектор и где он работает,campaign2_links
ulcus.ru,https://ulcus.ru/dezinfekcija-i-sanitarija/chem-zanimaetsja-sluzhba-dezinfekcii/,2026-04-30,,,Чем занимается служба дезинфекции,campaign2_links
ulcus.ru,https://ulcus.ru/dezinfekcija-i-sanitarija/dezinfekcija-dezinsekcija-i-deratizacija-v-chem-raznica/,2026-05-02,дезинфекция,https://ru.wikipedia.org/wiki/Дезинфекция,"Что такое дезинфекция, дезинсекция и дератизация",campaign2_links
ulcus.ru,https://ulcus.ru/dezinfekcija-i-sanitarija/kak-projti-obuchenie-na-dezinfektora-distancionno/,2026-05-03,обучение на дезинфектора дистанционно,https://aso-cdo.ru/krasnoyarsk/rabochie-professii/mediczinskij-dezinfektor/,Обучение на дезинфектора дистанционно: как пройти курс,campaign2_links
ulcus.ru,https://ulcus.ru/dezinfekcija-i-sanitarija/sanitarnye-trebovanija-k-dezinfekcionnym-rabotam/,2026-05-04,Роспотребнадзор,https://www.rospotrebnadzor.ru/,Санитарные требования к дезинфекционным работам,campaign2_links
ulcus.ru,https://ulcus.ru/dezinfekcija-i-sanitarija/sredstva-i-metody-sovremennoj-dezinfekcii/,2026-05-06,,,Средства и методы современной дезинфекции,campaign2_links
ulcus.ru,https://ulcus.ru/fotozony-na-massovyh-meroprijatijah/kak-vybrat-fotozonu-dlja-meroprijatija/,2026-06-01,фотозона на мероприятие,https://divent.ru/uslugi/fotozony/,,campaign3_anchors.csv
unit-org.ru,https://unit-org.ru/?p=152,2026-05-24,,,Как расти в карьере после 30 лет,campaign2_links
unit-org.ru,https://unit-org.ru/?p=153,2026-05-25,,,Профессии будущего: к чему готовиться уже сейчас,campaign2_links
unit-org.ru,https://unit-org.ru/?p=154,2026-05-27,профессиональная переподготовка,https://ru.wikipedia.org/wiki/Профессиональная_переподготовка,Непрерывное образование: зачем учиться всю жизнь,campaign2_links
unit-org.ru,https://unit-org.ru/?p=155,2026-05-28,профессиональная переподготовка в Тюмени,https://aso-cdo.ru/tyumen/professionalnaya-perepodgotovka/,Профессиональная переподготовка в Тюмени: программы и центры,campaign2_links
unit-org.ru,https://unit-org.ru/karera-i-razvitie/professionalnaja-perepodgotovka-v-tjumeni/,2026-05-28,профессиональная переподготовка в Тюмени,https://aso-cdo.ru/tyumen/professionalnaya-perepodgotovka/,,campaign2_anchors.csv
unit-org.ru,https://unit-org.ru/?p=156,2026-05-29,Работа России,https://trudvsem.ru/,Государственная поддержка переобучения граждан,campaign2_links
unit-org.ru,https://unit-org.ru/?p=157,2026-05-31,,,Как поставить цель и выбрать новое направление,campaign2_links
unit-org.ru,https://unit-org.ru/led-oformlenie-massovyh-event-proektov/kak-vybrat-led-fotozonu-dlja-meroprijatija/,2026-06-10,led фотозоны на мероприятие,https://divent.ru/uslugi/svetodiodnaya-uglovaya-led-fotozona/,,campaign3_anchors.csv
vsenamag.ru,https://vsenamag.ru/fotobudka-na-prazdnik-v-ekaterinburge/arenda-fotobudki-v-ekaterinburge-bez-pereplat/,2026-08-18,аренда фотобудки в Екатеринбурге,https://divent.ru/ekb/uslugi/arenda-fotobudki/,,campaign4_anchors.csv
yarfido.ru,https://yarfido.ru/proekcionnye-fotozony-i-mediakontent/proekcionnaja-fotozona-kak-vybrat-podrjadchika/,2026-08-19,проекционная фотозона,https://divent.ru/ekb/uslugi/proekcionnaya-fotozona/,,campaign4_anchors.csv
yellodigital.ru,https://yellodigital.ru/?p=130,2026-06-03,,,Образование как инвестиция в карьеру,campaign2_links
yellodigital.ru,https://yellodigital.ru/?p=131,2026-06-04,профессиональная переподготовка,https://aso-cdo.ru/tyumen/professionalnaya-perepodgotovka/,Профессиональная переподготовка: ответы на главные вопросы,campaign2_links
yellodigital.ru,https://yellodigital.ru/professija-i-obuchenie/professionalnaja-perepodgotovka-glavnye-otvety/,2026-06-04,профессиональная переподготовка,https://aso-cdo.ru/tyumen/professionalnaya-perepodgotovka/,,campaign2_anchors.csv
yellodigital.ru,https://yellodigital.ru/?p=132,2026-06-06,Закон об образовании,https://www.consultant.ru/document/cons_doc_LAW_140174/,Как государство регулирует дополнительное образование,campaign2_links
yellodigital.ru,https://yellodigital.ru/?p=133,2026-06-07,,,Как выбрать направление переподготовки по душе,campaign2_links
yellodigital.ru,https://yellodigital.ru/?p=134,2026-06-09,Росстат,https://rosstat.gov.ru/,Какие профессии сегодня нужны рынку труда,campaign2_links
yellodigital.ru,https://yellodigital.ru/?p=135,2026-06-10,,,Переподготовка: реальные сроки и результаты,campaign2_links
yellodigital.ru,https://yellodigital.ru/roboty-na-meroprijatijah/robot-hudozhnik-na-meroprijatie-vybor-bez-pereplat/,2026-08-18,робот художник на мероприятие,https://divent.ru/uslugi/robot-hudozhnik/,,campaign4_anchors.csv
yellodigital.ru,https://yellodigital.ru/roboty-na-meroprijatijah/skolko-stoit-arenda-robota-na-meroprijatie/,2026-08-22,аренда робота на мероприятие,https://divent.ru/uslugi/roboty/,,campaign4_anchors.csv
доступныйсервис.рф,https://xn--b1addncxgimfdeeo6j.xn--p1ai/?p=123,2026-05-28,,,Чем курсы переподготовки отличаются от вузовских программ,campaign2_links
доступныйсервис.рф,https://xn--b1addncxgimfdeeo6j.xn--p1ai/?p=124,2026-05-29,,,Как устроены программы дополнительного образования,campaign2_links
доступныйсервис.рф,https://xn--b1addncxgimfdeeo6j.xn--p1ai/?p=125,2026-05-31,Рособрнадзор,https://obrnadzor.gov.ru/,Документ о квалификации: что он даёт выпускнику,campaign2_links
доступныйсервис.рф,https://xn--b1addncxgimfdeeo6j.xn--p1ai/?p=126,2026-06-02,курсы профессиональной переподготовки,https://aso-cdo.ru/tyumen/professionalnaya-perepodgotovka/,Курсы профессиональной переподготовки: как выбрать,campaign2_links
доступныйсервис.рф,https://xn--b1addncxgimfdeeo6j.xn--p1ai/kursy-i-programmy/kak-vybrat-kursy-profperepodgotovki/,2026-06-02,курсы профессиональной переподготовки,https://aso-cdo.ru/tyumen/professionalnaya-perepodgotovka/,,campaign2_anchors.csv
доступныйсервис.рф,https://xn--b1addncxgimfdeeo6j.xn--p1ai/?p=127,2026-06-04,Росстат,https://rosstat.gov.ru/,Востребованные направления переобучения,campaign2_links
доступныйсервис.рф,https://xn--b1addncxgimfdeeo6j.xn--p1ai/?p=128,2026-06-05,,,Дистанционные курсы переподготовки: за и против,campaign2_links
доступныйсервис.рф,https://xn--b1addncxgimfdeeo6j.xn--p1ai/vypusknye-v-ekaterinburge-oformlenie-fotozon/kak-vybrat-fotozonu-na-vypusknoj-v-ekaterinburge/,2026-06-11,фотозона на выпускной в Екатеринбурге,https://divent.ru/ekb/uslugi/fotozony-na-vipusknoy/,,campaign3_anchors.csv
стандарт72.рф,https://xn--72-6kcat7cxadjf.xn--p1ai/?p=100,2026-05-27,,,Почему взрослому человеку полезно переобучаться,campaign2_links
стандарт72.рф,https://xn--72-6kcat7cxadjf.xn--p1ai/?p=101,2026-05-29,профессиональная переподготовка,https://ru.wikipedia.org/wiki/Профессиональная_переподготовка,Образование для взрослых: мировой опыт,campaign2_links
стандарт72.рф,https://xn--72-6kcat7cxadjf.xn--p1ai/?p=102,2026-05-30,переподготовка,https://aso-cdo.ru/tyumen/professionalnaya-perepodgotovka/,Переподготовка: как получить новую профессию быстро,campaign2_links
стандарт72.рф,https://xn--72-6kcat7cxadjf.xn--p1ai/pereobuchenie-vzroslyh/perepodgotovka-novaja-professija-v-korotkij-srok/,2026-05-30,переподготовка,https://aso-cdo.ru/tyumen/professionalnaya-perepodgotovka/,,campaign2_anchors.csv
стандарт72.рф,https://xn--72-6kcat7cxadjf.xn--p1ai/?p=103,2026-06-01,,,Сколько времени нужно на освоение новой профессии,campaign2_links
стандарт72.рф,https://xn--72-6kcat7cxadjf.xn--p1ai/?p=104,2026-06-03,HeadHunter,https://hh.ru/,Где найти работу после переобучения,campaign2_links
стандарт72.рф,https://xn--72-6kcat7cxadjf.xn--p1ai/?p=105,2026-06-04,,,Как не бросить учёбу на полпути,campaign2_links
стандарт72.рф,https://xn--72-6kcat7cxadjf.xn--p1ai/svetodiodnye-fotozony-preimushhestva-dlja-event/kak-vybrat-led-fotozonu-v-arendu/,2026-06-09,светодиодная фотозона аренда,https://divent.ru/uslugi/svetodiodnaya-uglovaya-led-fotozona/,,campaign3_anchors.csv
