Домен,Наш донор,Файл источника,Постов,Страниц,Вложений,Размер КБ
2semechki.ru,да,WordPress.2024-12-12 (39).xml,24,2,25,626
antigravityrussia.ru,да,WordPress.2024-12-12 (15).xml,36,2,37,992
arshta.org,да,WordPress.2024-12-12 (2).xml,31,2,32,807
avtogear62.ru,да,WordPress.2024-12-12 (42).xml,24,2,26,647
ballare-mag.com,да,WordPress.2024-12-12 (13).xml,36,2,37,1012
bcuran.ru,да,WordPress.2024-12-12 (23).xml,19,2,19,516
beauty-invest.ru,да,WordPress.2024-12-12 (14).xml,36,2,37,992
centr-audita.ru,да,WordPress.2024-12-12 (18).xml,24,2,26,721
colorit-dv.ru,да,WordPress.2024-12-12 (17).xml,24,2,26,680
cover-grouping.ru,да,WordPress.2024-12-12.xml,26,2,28,687
drunk-fish.ru,да,WordPress.2024-12-12 (34).xml,23,2,23,591
dubrovinaphoto.com,да,WordPress.2024-12-12 (20).xml,25,2,26,732
edhall.ru,да,WordPress.2024-12-12 (16).xml,36,2,38,958
elintel.ru,да,WordPress.2024-12-12 (44).xml,24,2,26,618
fermatastyle.ru,да,360.WordPress.2024-12-12.xml,36,2,37,941
iscar-east.ru,да,WordPress.2024-12-12 (19).xml,24,2,25,709
kakudobrit.ru,да,WordPress.2024-12-12 (36).xml,18,2,20,662
kgdink.ru,да,WordPress.2024-12-12 (26).xml,18,2,19,515
ledpnz.ru,да,WordPress.2024-12-12 (40).xml,18,2,20,510
liveandcreate.ru,да,WordPress.2024-12-12 (12).xml,30,2,32,823
lyadeputti.ru,да,WordPress.2024-12-12 (22).xml,18,2,20,498
m-e-d-a-l.ru,да,WordPress.2024-12-12 — копия.xml,26,2,27,661
mai-hoshi.ru,да,WordPress.2024-12-12 (33).xml,24,2,26,600
mybabyfoot.ru,да,WordPress.2024-12-12 (10).xml,42,2,44,1135
omegabay.ru,да,WordPress.2024-12-12 (30).xml,12,2,13,292
oybox.by,да,WordPress.2024-12-12 (5).xml,30,2,31,784
photo-test.ru,да,WordPress.2024-12-12 (8).xml,42,2,50,1121
photoset-msk.ru,да,WordPress.2024-12-12 (7).xml,36,2,38,944
pravo-or.org,да,WordPress.2024-12-12 (9).xml,42,2,44,1098
pre100l.ru,да,WordPress.2024-12-12 (24).xml,31,2,31,857
prforce.ru,да,WordPress.2024-12-12 (28).xml,24,2,25,681
pro-covers.ru,да,WordPress.2024-12-12 (45).xml,24,2,26,624
promplo.ru,да,WordPress.2024-12-12 (41).xml,24,2,25,583
property-in-alanya.ru,да,WordPress.2024-12-12 (31).xml,18,2,20,513
rt-covid19.ru,да,-.WordPress.2024-12-11.xml,34,2,36,755
sibertek.ru,да,WordPress.2024-12-12 (1).xml,31,2,32,839
solbrasil.ru,да,WordPress.2024-12-12 (21).xml,18,2,19,512
solkmsb.ru,да,WordPress.2024-12-12 (25).xml,30,2,31,858
speciallabel.ru,да,WordPress.2024-12-12 (32).xml,24,2,26,623
studio-santech.ru,да,WordPress.2024-12-12 (6).xml,36,2,37,916
techfile.ru,да,WordPress.2024-12-12 (27).xml,18,2,19,508
top-audit.ru,да,WordPress.2024-12-12 (29).xml,24,2,26,686
ulcus.ru,да,WordPress.2024-12-12 (11).xml,30,2,32,796
unit-org.ru,да,WordPress.2024-12-12 (35).xml,30,2,31,768
vsenamag.ru,да,WordPress.2024-12-12 (4).xml,31,2,32,811
yarfido.ru,да,fidonetworld.WordPress.2024-12-12.xml,30,2,32,863
yellodigital.ru,да,WordPress.2024-12-12 (43).xml,24,2,26,645
доступныйсервис.рф,да,WordPress.2024-12-12 (38).xml,24,2,26,652
стандарт72.рф,да,WordPress.2024-12-12 (37).xml,18,2,19,471
mab.by,нет,WordPress.2024-12-12 (3).xml,31,2,34,791
